HS Code 6,Konsumsi-Non Konsumsi,Olahan-Non Olahan,Asal Bahan Baku,Komoditas,Komoditas 1,Komoditas 2,Group_Commodities,Commodities,Sebaran Habitat,Bentuk,Form,Uraian 2017
208401,K,N,Perikanan Tangkap,Mamalia Laut,Lainnya,Lainnya,Other Fish,Sea Mammals,Tropis,"Segar, Dingin Atau Beku","Fresh, Chilled Or Frozen","Daging dan sisanya yang dapat dimakan dari paus, lumba-lumba dan porpoise (binatang menyusui dari ordo Cetacea); dari manate dan dugong (binatang menyusui dari ordo Sirenia) segar, dingin atau beku/Other meat and edible meat offal of whales, dolphins and porpoises (mammals of the order Cetacea); of manatees and dugongs (mammals of the order Sirenia), fresh, chilled or frozen"
208409,K,N,Perikanan Tangkap,Mamalia Laut,Lainnya,Lainnya,Other Fish,Sea Mammals,Tropis,"Segar, Dingin Atau Beku","Fresh, Chilled Or Frozen","Daging dan bagian daging lainnya yang dapat dimakan dari anjing laut, singa laut dan beruang laut (mamalia dari sub ordo Pinnipedia) segar, dingin atau beku/Other meat and edible meat offal of seals, sea lions and walruses (mammals of the suborder Pinnipedia), fresh, chilled or frozen."
208500,K,N,Perikanan Tangkap,Binatang Melata,Lainnya,Lainnya,Other Fish,Reptiles,Tropis,"Segar, Dingin Atau Beku","Fresh, Chilled Or Frozen","Daging dan bagian daging lainnya yang dapat dimakan dari binatang melata (termasuk ular dan penyu) segar, dingin atau beku/Other meat and edible meat offal of reptile (including snakes and turtles), fresh, chilled or frozen."
210921,K,O,Perikanan Tangkap,Mamalia Laut,Lainnya,Lainnya,Other Fish,Sea Mammals,Tropis,"Diasinkan Atau Dalam Air Garam, Dikeringkan, Diasapi","Salted Or In Brine, Dried, Smoked","Daging dan sisanya yang dapat dimakan dari paus, lumba-lumba dan porpoise (binatang menyusui dari ordo Cetacea); dari manate dan dugong (binatang menyusui dari ordo Sirenia) diasinkan atau dalam air garam, dikeringkan atau diasapi; termasuk tepung dan tepung kasar dari daging dan sisanya yang dapat dimakan/Other meat and edible meat offal of whales, dolphins and porpoises (mammals of the order Cetacea); of manatees and dugongs (mammals of the order Sirenia), salted or in brine, dried or smoked, including edible flours and meals of meat or meat offal"
210929,K,O,Perikanan Tangkap,Mamalia Laut,Lainnya,Lainnya,Other Fish,Sea Mammals,Tropis,"Diasinkan Atau Dalam Air Garam, Dikeringkan, Diasapi","Salted Or In Brine, Dried, Smoked","Daging dan bagian lainnya yang dapat dimakan dari anjing laut, singa laut dan beruang laut (mamalia dari sub ordo Pinnipedia) diasinkan, dalam air garam, dikeringkan atau diasapi; termasuk tepung dan tepung kasar dari daging dan sisanya yang dapat dimakan/Other meat and edible meat offal of seals, sea lions and walruses (mammals of the suborder Pinnipedia), salted, in brine, dried or smoked, including edible flours and meals of meat or meat offal"
210930,K,O,Perikanan Tangkap,Binatang Melata,Lainnya,Lainnya,Other Fish,Reptiles,Tropis,"Diasinkan Atau Dalam Air Garam, Dikeringkan, Diasapi","Salted Or In Brine, Dried, Smoked","Daging dan bagian lainnya yang dapat dimakan dari binatang melata (termasuk ular dan penyu) diasinkan, dalam air garam, dikeringkan atau diasapi; termasuk tepung dan tepung kasar dari daging dan sisanya yang dapat dimakan/Other meat and edible meat offal reptiles (including snakes and turtles), salted, in brine, dried or smoked, including edible flours and meals of meat or meat offal"
030219,K,N,Perikanan Tangkap,Ikan Salem,Lainnya,Lainnya,Other Fish,Salmonidae Fish,Sub Tropis,Segar Atau Dingin,Fresh Or Chilled,"Ikan Salem lainnya, segar atau dingin/Other salmonidae fish,  fresh or chilled"
030221,K,N,Perikanan Tangkap,Halibut,Lainnya,Lainnya,Other Fish,Halibut,Sub Tropis,Segar Atau Dingin,Fresh Or Chilled,"Halibut (Reinhardtius hippoglossoides, Hippoglossus hippoglosus, Hippoglossus stenolepis) segar atau dingin/Halibut (Reinhardtius hippoglossoides, Hippoglossus hippoglosus, Hippoglossus stenolepis) fresh or chilled"
030222,K,N,Perikanan Tangkap,Plaice,Lainnya,Lainnya,Other Fish,Plaice,Sub Tropis,Segar Atau Dingin,Fresh Or Chilled,"Plaice (Pleuronectes platessa), segar atau dingin/Plaice (Pleuronectes platessa), fresh or chilled"
030223,K,N,Perikanan Tangkap,Sole,Lainnya,Lainnya,Other Fish,Sole,Tropis,Segar Atau Dingin,Fresh Or Chilled,Sole (Solea spp.) segar atau dingin/Sole (Solea spp.) fresh or chilled
030224,K,N,Perikanan Tangkap,Turbot,Lainnya,Lainnya,Other Fish,Turbots,Sub Tropis,Segar Atau Dingin,Fresh Or Chilled,"Turbots (Psetta maxima), segar atau dingin/Turbots (Psetta maxima), fresh or chilled"
030229,K,N,Perikanan Tangkap,Ikan Pipih Lainnya,Lainnya,Lainnya,Other Fish,Other Flat Fish,Sub Tropis,Segar Atau Dingin,Fresh Or Chilled,"Ikan pipih lainnya segar atau dingin/Other flat fish, fresh or chilled"
030241,K,N,Perikanan Tangkap,Herring,Lainnya,Lainnya,Other Fish,Herring,Sub Tropis,Segar Atau Dingin,Fresh Or Chilled,"Herring (Clupea harengus, Clupea pallasii) segar atau dingin/Herring (Clupea harengus, Clupea pallasii) fresh or chilled"
030249,K,N,Perikanan Tangkap,Ikan Lainnya,Lainnya,Lainnya,Other Fish,Other Fish,Tropis,Segar Atau Dingin,Fresh Or Chilled,"Ikan lainnya segar atau dingin, tidak termasuk sisa ikan yang dapat dimakan dari subpos 0302.91 sampai dengan 0302.99"
030252,K,N,Perikanan Tangkap,Haddock,Lainnya,Lainnya,Other Fish,Haddock,Sub Tropis,Segar Atau Dingin,Fresh Or Chilled,Haddock (Melanogrammus aeglefinus) segar atau dingin/Haddock (Melanogrammus aeglefinus) fresh or chilled
030253,K,N,Perikanan Tangkap,Coalfish,Lainnya,Lainnya,Other Fish,Coalfish,Sub Tropis,Segar Atau Dingin,Fresh Or Chilled,Coalfish (Pollachius virens) segar atau dingin/Coalfish (Pollachius virens)fresh or chilled
030254,K,N,Perikanan Tangkap,Hake,Lainnya,Lainnya,Other Fish,Hake,Sub Tropis,Segar Atau Dingin,Fresh Or Chilled,"Hake (Merluccius spp., Urophycis spp.) segar atau dingin/Hake (Merluccius spp., Urophycis spp.), fresh or chilled"
030256,K,N,Perikanan Tangkap,Blue Whitings,Lainnya,Lainnya,Other Fish,Blue Whitings,Sub Tropis,Segar Atau Dingin,Fresh Or Chilled,"Blue whitings (Micromesistius poutassou, Micromesistius australis) segar atau dingin/Blue whitings (Micromesistius poutassou, Micromesistius australis), fresh or chilled"
030259,K,N,Perikanan Tangkap,Ikan Lainnya,Lainnya,Lainnya,Other Fish,Other Fish,Sub Tropis,Segar Atau Dingin,Fresh Or Chilled,"Ikan laut lainnya (keluarga: Bregmacerotidae, Euclichthyidae, Gadidae, Macrouridae, Melanonidae, Merlucciidae, Moridae dan Muraenolepididae segar atau dingin/Other marine fish (family: Bregmacerotidae, Euclichthyidae, Gadidae, Macrouridae, Melanonidae, Merlucciidae, Moridae and Muraenolepididae) fresh or chilled"
030281,K,N,Perikanan Tangkap,Dogfish Dan Hiu Lainnya,Lainnya,Lainnya,Other Fish,Dogfish And Other Sharks,Tropis,Segar Atau Dingin,Fresh Or Chilled,Dogfish dan hiu lainnya segar atau dingin/Dogfish and other sharks fresh or chilled
030283,K,N,Perikanan Tangkap,Tootfish,Lainnya,Lainnya,Other Fish,Tootfish,Sub Tropis,Segar Atau Dingin,Fresh Or Chilled,Toothfish (Dissostichus spp.) segar atau dingin/Toothfish (Dissostichus spp.) fresh or chilled
030285,K,N,Perikanan Tangkap,Seabream,Lainnya,Lainnya,Other Fish,Seabreams,Tropis,Segar Atau Dingin,Fresh Or Chilled,"Seabream (Sparidae) segar atau dingin/Seabream (Sparidae), fresh or chilled"
030289,K,N,Perikanan Tangkap,Longfin Majorra,Lainnya,Lainnya,Other Fish,Longfin Majorra,Tropis,Segar Atau Dingin,Fresh Or Chilled,Longfin mojarra (Pentaprion longimanus) segar atau dingin/Longfin mojarra (Pentaprion longimanus) fresh or chilled
030292,K,O,Perikanan Tangkap,Sirip Hiu,Lainnya,Lainnya,Other Fish,Shark Fin,Tropis,Segar Atau Dingin,Fresh Or Chilled,Sirip hiu segar atau dingin
030299,K,O,Perikanan Tangkap,Bagian Ikan Lainnya,Lainnya,Lainnya,Other Fish,Other Fish Offal,Tropis,Segar Atau Dingin,Fresh Or Chilled,"Sirip, kepala, ekor, perut dan sisa ikan lainnya yang dapat dimakan, segar atau dingin"
030319,K,N,Perikanan Tangkap,Ikan Salem,Lainnya,Lainnya,Other Fish,Salmonidae Fish,Sub Tropis,Beku,Frozen,"Ikan Salem lainnya,  beku/Other salmonidae fish, frozen"
030331,K,N,Perikanan Tangkap,Halibut,Lainnya,Lainnya,Other Fish,Halibut,Sub Tropis,Beku,Frozen,"Halibut (Reinhardtius hippoglossoides, Hippoglossus hippoglosus, Hippoglossus stenolepis) beku/Halibut (Reinhardtius hippoglossoides, Hippoglossus hippoglosus, Hippoglossus stenolepis) frozen"
030332,K,N,Perikanan Tangkap,Plaice,Lainnya,Lainnya,Other Fish,Plaice,Sub Tropis,Beku,Frozen,"Plaice (Pleuronectes platessa) beku/Plaice (Pleuronectes platessa), frozen"
030333,K,N,Perikanan Tangkap,Sole,Lainnya,Lainnya,Other Fish,Sole,Tropis,Beku,Frozen,Sole (Solea spp.) beku/Sole (Solea spp.) frozen
030334,K,N,Perikanan Tangkap,Turbot,Lainnya,Lainnya,Other Fish,Turbots,Tropis,Beku,Frozen,Turbots (Psetta maxima) beku/Turbots (Psetta maxima) frozen
030339,K,N,Perikanan Tangkap,Ikan Pipih Lainnya,Lainnya,Lainnya,Other Fish,Other Flat Fish,Sub Tropis,Beku,Frozen,"Ikan pipih lainnya beku/Other flat fish, frozen"
030351,K,N,Perikanan Tangkap,Herring,Lainnya,Lainnya,Other Fish,Herring,Sub Tropis,Beku,Frozen,"Herring (Clupea harengus, Clupea pallasii) beku/Herring (Clupea harengus, Clupea pallasii), frozen"
030364,K,N,Perikanan Tangkap,Haddock,Lainnya,Lainnya,Other Fish,Haddock,Sub Tropis,Beku,Frozen,"Haddock (Melanogrammus aeglefinus) beku/Haddock (Melanogrammus aeglefinus), frozen"
030365,K,N,Perikanan Tangkap,Coalfish,Lainnya,Lainnya,Other Fish,Coalfish,Sub Tropis,Beku,Frozen,"Coalfish (Pollachius virens) beku/Coalfish (Pollachius virens), frozen"
030366,K,N,Perikanan Tangkap,Hake,Lainnya,Lainnya,Other Fish,Hake,Sub Tropis,Beku,Frozen,"Hake (Merluccius spp., Urophycis spp.) beku/Hake (Merluccius spp., Urophycis spp.) frozen"
030368,K,N,Perikanan Tangkap,Blue Whitings,Lainnya,Lainnya,Other Fish,Blue Whitings,Sub Tropis,Beku,Frozen,"Blue whitings (Micromesistius poutassou, Micromesistius australis) beku/Blue whitings (Micromesistius poutassou, Micromesistius australis), frozen"
030369,K,N,Perikanan Tangkap,Ikan Lainnya,Lainnya,Lainnya,Other Fish,Other Fish,Sub Tropis,Beku,Frozen,"Ikan laut lainnya (keluarga: Bregmacerotidae, Euclichthyidae, Gadidae, Macrouridae, Melanonidae, Merlucciidae, Moridae dan Muraenolepididae) beku/Other marine fish (family: Bregmacerotidae, Euclichthyidae, Gadidae, Macrouridae, Melanonidae, Merlucciidae, Moridae and Muraenolepididae) fozen"
030381,K,N,Perikanan Tangkap,Dogfish Dan Hiu Lainnya,Lainnya,Lainnya,Other Fish,Dogfish And Other Sharks,Tropis,Beku,Frozen,Dogfish dan hiu lainnya beku/Dogfish and other sharks frozen
030383,K,N,Perikanan Tangkap,Tootfish,Lainnya,Lainnya,Other Fish,Tootfish,Sub Tropis,Beku,Frozen,"Toothfish (Dissostichus spp.) beku/Toothfish (Dissostichus spp.), frozen"
030389,K,N,Perikanan Tangkap,Longfin Majorra,Lainnya,Lainnya,Other Fish,Longfin Majorra,Tropis,Beku,Frozen,Longfin mojarra (Pentaprion longimanus) beku/Longfin mojarra (Pentaprion longimanus) frozen
030392,K,O,Perikanan Tangkap,Sirip Hiu,Lainnya,Lainnya,Other Fish,Shark Fin,Tropis,Beku,Frozen,"Sirip hiu, beku"
030399,K,O,Perikanan Tangkap,Bagian Ikan Lainnya,Lainnya,Lainnya,Other Fish,Other Fish Offal,Tropis,Beku,Frozen,"Sirip, kepala, ekor, perut dan sisa ikan lainnya yang dapat dimakan, beku"
030433,K,O,Perikanan Tangkap,Nile Perch,Lainnya,Lainnya,Other Fish,Nile Perch,Sub Tropis,Fillet,Fillets,"Filet nile perch (Lates niloticus) segar atau dingin/Nile perch fillets (Lates niloticus), fresh or chilled"
030443,K,O,Perikanan Tangkap,Ikan Pipih Lainnya,Lainnya,Lainnya,Other Fish,Other Flat Fish,Sub Tropis,Fillet,Fillets,"Fillet ikan pipih (Pleuronectidae, Bothidae, Cynoglossidae, Soleidae, Scophthalmidae dan Citharidae) segar atau dingin/Flat fish fillets (Pleuronectidae, Bothidae, Cynoglossidae, Soleidae, Scophthalmidae and Citharidae) fresh or chilled"
030444,K,O,Perikanan Tangkap,Ikan Lainnya,Lainnya,Lainnya,Other Fish,Other Fish,Tropis,Fillet,Fillets,"Filet ikan dari keluarga: Bregmacerotidae, Euclichthyidae, Gadidae, Macrouridae, Melanonidae, Merlucciidae, Moridae dan Muraenolepididae) segar atau dingin/Fish fillets of family: Bregmacerotidae, Euclichthyidae, Gadidae, Macrouridae, Melanonidae, Merlucciidae, Moridae and Muraenolepididae) fresh or chilled"
030446,K,O,Perikanan Tangkap,Tootfish,Lainnya,Lainnya,Other Fish,Tootfish,Sub Tropis,Fillet,Fillets,"Fillet toothfish (Dissostichus spp.) segar atau dingin/Toothfish fillets (Dissostichus spp.), fresh or chilled"
030447,K,O,Perikanan Tangkap,Dogfish Dan Hiu Lainnya,Lainnya,Lainnya,Other Fish,Dogfish And Other Sharks,Tropis,Fillet,Fillets,"Fillet dogfish dan hiu lainnya, segar atau dingin"
030449,K,O,Perikanan Tangkap,Ikan Lainnya,Lainnya,Lainnya,Other Fish,Other Fish,Tropis,Fillet,Fillets,"Fillet ikan lainnya segar atau dingin/Fillets of other fish, fresh or chilled"
030452,K,O,Perikanan Tangkap,Ikan Salem,Lainnya,Lainnya,Other Fish,Salmonidae Fish,Sub Tropis,Daging Lainnya,Other Meat,"Daging lainnya ikan salem, segar atau dingin/Other meat of salmonidae fish, fresh or chilled"
030453,K,O,Perikanan Tangkap,Ikan Lainnya,Lainnya,Lainnya,Other Fish,Other Fish,Tropis,Daging Lainnya,Other Meat,"Daging ikan lainnya dari keluarga: Bregmacerotidae, Euclichthyidae, Gadidae, Macrouridae, Melanonidae, Merlucciidae, Moridae dan Muraenolepididae) segar atau dingin/Other fish meat of family: Bregmacerotidae, Euclichthyidae, Gadidae, Macrouridae, Melanonidae, Merlucciidae, Moridae and Muraenolepididae) fresh or chilled"
030455,K,O,Perikanan Tangkap,Tootfish,Lainnya,Lainnya,Other Fish,Tootfish,Sub Tropis,Daging Lainnya,Other Meat,Daging lainnya toothfish (Dissostichus spp.) segar atau dingin/Fish meat of toothfish (Dissostichus spp.)
030456,K,O,Perikanan Tangkap,Dogfish Dan Hiu Lainnya,Lainnya,Lainnya,Other Fish,Dogfish And Other Sharks,Tropis,Daging Lainnya,Other Meat,"Daging dogfish dan hiu lainnya, segar atau dingin"
030459,K,O,Perikanan Tangkap,Ikan Lainnya,Lainnya,Lainnya,Other Fish,Other Fish,Tropis,Daging Lainnya,Other Meat,"Daging ikan lainnya segar atau dingin/Other fish meat, fresh or chilled"
030463,K,O,Perikanan Tangkap,Nile Perch,Lainnya,Lainnya,Other Fish,Nile Perch,Sub Tropis,Fillet,Fillets,"Fillet nile perch (Lates niloticus) beku/Nile perch fillets (Lates niloticus), frozen"
030472,K,O,Perikanan Tangkap,Haddock,Lainnya,Lainnya,Other Fish,Haddock,Sub Tropis,Fillet,Fillets,"Fillet Haddock (Melanogrammus aeglefinus) beku/Haddock fillets (Melanogrammus aeglefinus), frozen"
030473,K,O,Perikanan Tangkap,Coalfish,Lainnya,Lainnya,Other Fish,Coalfish,Sub Tropis,Fillet,Fillets,"Fillet Coalfish (Pollachius virens) beku/Coalfish fillets (Pollachius virens), frozen"
030474,K,O,Perikanan Tangkap,Hake,Lainnya,Lainnya,Other Fish,Hake,Sub Tropis,Fillet,Fillets,"Fillet Hake (Merluccius spp., Urophycis spp.) beku/Hake fillets (Merluccius spp., Urophycis spp.), frozen"
030479,K,O,Perikanan Tangkap,Ikan Lainnya,Lainnya,Lainnya,Other Fish,Other Fish,Tropis,Fillet,Fillets,"Fillet ikan lainnya (keluarga: Bregmacerotidae, Euclichthyidae, Gadidae, Macrouridae, Melanonidae, Merlucciidae, Moridae dan Muraenolepididae) beku/Other fish fillets  (family: Bregmacerotidae, Euclichthyidae, Gadidae, Macrouridae, Melanonidae, Merlucciidae, Moridae and Muraenolepididae) frozen"
030483,K,O,Perikanan Tangkap,Ikan Pipih Lainnya,Lainnya,Lainnya,Other Fish,Other Flat Fish,Sub Tropis,Fillet,Fillets,"Fillet ikan pipih (Pleuronectidae, Bothidae, Cynoglossidae, Soleidae, Scophthalmidae dan Citharidae) beku/Flat fish fillets (Pleuronectidae, Bothidae, Cynoglossidae, Soleidae, Scophthalmidae dan Citharidae) frozen"
030485,K,O,Perikanan Tangkap,Tootfish,Lainnya,Lainnya,Other Fish,Tootfish,Sub Tropis,Fillet,Fillets,"Fillet toothfish (Dissostichus spp.) beku/Toothfish fillets (Dissostichus spp.), frozen"
030486,K,O,Perikanan Tangkap,Herring,Lainnya,Lainnya,Other Fish,Herring,Sub Tropis,Fillet,Fillets,"Fillet Herring (Clupea harengus, Clupea pallasii) beku/Herring fillets (Clupea harengus, Clupea pallasii), frozen"
030488,K,O,Perikanan Tangkap,Dogfish Dan Hiu Lainnya,Lainnya,Lainnya,Other Fish,Dogfish And Other Sharks,Tropis,Fillet,Fillets,"Fillet dogfish, hiu lainnya, pari dan skates (Rajidae), beku"
030489,K,O,Perikanan Tangkap,Ikan Lainnya,Lainnya,Lainnya,Other Fish,Other Fish,Tropis,Fillet,Fillets,"Fillet ikan lainnya beku/Other fish fillets, frozen"
030492,K,O,Perikanan Tangkap,Tootfish,Lainnya,Lainnya,Other Fish,Tootfish,Sub Tropis,Daging Lainnya,Other Meat,Daging lainnya toothfish (Dissostichus spp.) beku/Other meat of toothfish (Dissostichus spp.) frozen
030495,K,O,Perikanan Tangkap,Ikan Lainnya,Lainnya,Lainnya,Other Fish,Other Fish,Tropis,Daging Lainnya,Other Meat,"Daging ikan dari keluarga: Bregmacerotidae, Euclichthyidae, Gadidae, Macrouridae, Melanonidae, Merlucciidae, Moridae dan Muraenolepididae beku/Meat of fish of families: Bregmacerotidae, Euclichthyidae, Gadidae, Macrouridae, Melanonidae, Merlucciidae, Moridae and Muraenolepididae, frozen"
030496,K,O,Perikanan Tangkap,Dogfish Dan Hiu Lainnya,Lainnya,Lainnya,Other Fish,Dogfish And Other Sharks,Tropis,Daging Lainnya,Other Meat,"Daging dogfish dan hiu lainnya, beku"
030532,K,O,Perikanan Tangkap,Ikan Lainnya,Lainnya,Lainnya,Other Fish,Other Fish,Tropis,Fillet,Fillets,"Fillet ikan dari keluarga: Bregmacerotidae, Euclichthyidae, Gadidae, Macrouridae, Melanonidae, Merlucciidae, Moridae dan Muraenolepididae, dikeringkan, digarami atau dalam air garam, tetapi tidak diasapi/Fish fillets of families: Bregmacerotidae, Euclichthyidae, Gadidae, Macrouridae, Melanonidae, Merlucciidae, Moridae and Muraenolepididae, dried, salted or in brine, but not smoked"
030542,K,O,Perikanan Tangkap,Herring,Lainnya,Lainnya,Other Fish,Herring,Sub Tropis,Diasapi,Smoked,"Herring (Clupea harengus, Clupea pallasii) diasapi, termasuk fillet/Herring (Clupea harengus, Clupea pallasii) smoked, incl..fillets"
030549,K,O,Perikanan Tangkap,Ikan Lainnya,Lainnya,Lainnya,Other Fish,Other Fish,Tropis,Diasapi,Smoked,"Ikan lainnya diasapi, termasuk fillet, selain bagian ikan lainnya yang dapat dimakan/Other fish, smoked, incl.fillets, other than edible fish offal"
030553,K,O,Perikanan Tangkap,Ikan Lainnya,Lainnya,Lainnya,Other Fish,Other Fish,Sub Tropis,Dikeringkan,Dried,"Ikan dari keluarga Bregmacerotidae, Euclichthyidae, Gadidae, Macrouridae, Melanonidae, Merlucciidae, Moridae dan Muraenolepididae, selain cod (Gadus morhua, Gadus ogac, Gadus macrocephalus), dikeringkan, digarami atau tidak digarami tetapi tidak diasapi"
030554,K,O,Perikanan Tangkap,Ikan Lainnya,Lainnya,Lainnya,Other Fish,Other Fish,Sub Tropis,Dikeringkan,Dried,"Herrings (Clupea harengus, Clupea pallasii), teri (Engraulis spp.), sarden (Sardina pilchardus, Sardinops spp.), sardinella (Sardinella spp.), brisling atau sprats (Sprattus sprattus), mackerel (Scomber scombrus, Scomber australasicus, Scomber japonicus), makarel Indian (Rastrelliger spp.), seerfishes (Scomberomorus spp.), jack dan horse mackerel (Trachurus spp.), jacks, crevalles (Caranx spp.), cobia (Rachycentron canadum), bawal putih (Pampus spp.), Pacific saury (Cololabis saira), scads (Decapterus spp.), capelin (Mallotus villosus), todak (Xiphias gladius), Kawakawa (Euthynnus affinis), bonitos (Sarda spp.), marlin, ikan layar, spearfish (Istiophoridae), dikeringkan, digarami atau tidak digarami tetapi tidak diasapi"
030559,K,O,Perikanan Tangkap,Ikan Lainnya,Lainnya,Lainnya,Other Fish,Other Fish,Tropis,Dikeringkan,Dried,"Teri (Stolephorus spp., Coilia spp., Setipinna spp., Lycothrissa spp. and Thryssa spp., Encrasicholina spp.), digarami maupun tidak tetapi tidak diasap"
030561,K,O,Perikanan Tangkap,Herring,Lainnya,Lainnya,Other Fish,Herring,Sub Tropis,Diasinkan,Salted,"Herring (Clupea harengus, Clupea pallasii) diasinkan/Herring (Clupea harengus, Clupea pallasii), salted"
030571,K,O,Perikanan Tangkap,Sirip Hiu,Lainnya,Lainnya,Other Fish,Shark Fin,Tropis,Bagian Ikan Yang Dapat Dimakan,Edible Fish Offal,Sirip hiu/Shark fins
030782,K,N,Perikanan Tangkap,Stromboid Conchs,Lainnya,Lainnya,Other Fish,Stromboid Conchs,Tropis,Hidup,Live,"Stromboid conchs (Strombus spp.), hidup"
030784,K,N,Perikanan Tangkap,Stromboid Conchs,Lainnya,Lainnya,Other Fish,Stromboid Conchs,Tropis,Beku,Frozen,"Stromboid conchs (Strombus spp.), beku"
030788,K,O,Perikanan Tangkap,Stromboid Conchs,Lainnya,Lainnya,Other Fish,Stromboid Conchs,Tropis,Dikeringkan,Dried,"Stromboid conchs (Strombus spp.).) dikeringkan, diasinkan atau dalam air garam"
030791,K,N,Perikanan Tangkap,Moluska Lainnya,Lainnya,Lainnya,Other Fish,Other Molluscs,Tropis,Hidup,Live,"Moluska lainnya, hidup"
030792,K,N,Perikanan Tangkap,Moluska Lainnya,Lainnya,Lainnya,Other Fish,Other Molluscs,Tropis,Beku,Frozen,"Moluska lainnya, beku"
030799,K,O,Perikanan Tangkap,Moluska Lainnya,Lainnya,Lainnya,Other Fish,Other Molluscs,Tropis,Dikeringkan,Dried,"Moluska lainnya, dikeringkan, diasinkan atau dalam air garam"
030890,K,N,Perikanan Tangkap,Invertebrata Air Lainnya,Lainnya,Lainnya,Other Fish,Other Aquatic Invertebrates,Tropis,Hidup,Live,"Invertebrata air lainnya, selain krustasea dan moluska, hidup/Other aquatic invertebrates other than crustaceans and molluscs, live"
160300,K,O,Perikanan Tangkap,Olahan Ikan Lainnya,Lainnya,Lainnya,Other Fish,Other Prepared Fish,Tropis,Ekstrak Dan Sari Ikan,Extracts And Juices Of Fish,"Ekstrak dan jus daging, ikan atau krustasea, moluska atau invertebrata air lainnya"
160412,K,O,Perikanan Tangkap,Herring,Lainnya,Lainnya,Other Fish,Herring,Sub Tropis,Dalam Kemasan Kedap Udara,Prepared Or Preserved,"Herring, utuh atau dalam potongan, tetapi tidak dicincang, diolah atau diawetkan, dalam kemasan kedap udara untuk penjualan eceran"
160418,K,O,Perikanan Tangkap,Sirip Hiu,Lainnya,Lainnya,Other Fish,Shark Fin,Tropis,Diolah-Diawetkan,Prepared Or Preserved,"Sirip hiu, utuh atau dalam potongan, tetapi tidak dicincang, diolah atau diawetkan, siap untuk dikonsumsi langsung"
160420,K,O,Perikanan Tangkap,Olahan Ikan Lainnya,Lainnya,Lainnya,Other Fish,Other Prepared Fish,Tropis,Sosis Ikan,Fish Sausage,Sosis Ikan
160529,K,O,Perikanan Tangkap,Olahan Ikan Lainnya,Lainnya,Lainnya,Other Fish,Other Prepared Fish,Tropis,Pasta Ikan,Fish Paste,"NA"
160559,K,O,Perikanan Tangkap,Moluska Lainnya,Lainnya,Lainnya,Other Fish,Other Molluscs,Tropis,Diolah-Diawetkan,Prepared Or Preserved,"Moluska lainnya diolah atau diawetkan/Other molluscs, prepared or perserved"
160569,K,O,Perikanan Tangkap,Invertebrata Air Lainnya,Lainnya,Lainnya,Other Fish,Other Aquatic Invertebrates,Tropis,Diolah-Diawetkan,Prepared Or Preserved,"Invertebrata air lainnya diolah atau diawetkan/Other aquatic invertebrates, prepared or preserved"
190220,K,O,Perikanan Tangkap,Olahan Ikan Lainnya,Lainnya,Lainnya,Other Fish,Other Prepared Fish,Tropis,Pasta Ikan,Fish Paste,"Pasta diisi dengan ikan, siput atau moluska/Stuffed pasta with fish, crustaceans or molluscs"
210390,K,O,Perikanan Tangkap,Olahan Ikan Lainnya,Lainnya,Lainnya,Other Fish,Other Prepared Fish,Tropis,Saus Ikan,Fish Sauce,Saus ikan/Fish sauce
106120,N,N,Perikanan Tangkap,Mamalia Laut,Lainnya,Lainnya,Other Fish,Sea Mammals,Tropis,Hidup,Live,"Paus, lumba-lumba dan porpoise (binatang menyusui dari ordo Cetacea); manate dan dugong (binatang menyusui dari ordo Sirenia); anjing laut, singa laut dan beruang laut (mamalia dari sub ordo Pinnipedia)/Whales, dolphins and porpoises (mammals of the order Cetacea); manatees and dugongs (mammals of the order Sirenia); seals, sea lions and walruses (mammals of the suborder Pinnipedia)"
106200,N,N,Perikanan Tangkap,Binatang Melata,Lainnya,Lainnya,Other Fish,Reptiles,Tropis,Hidup,Live,Binatang melata hidup (termasuk ular dan penyu)/Live reptiles (including snakes and turtles)
507902,N,O,Perikanan Tangkap,Bagian Ikan Lainnya,Lainnya,Lainnya,Other Fish,Other Fish Offal,Tropis,Bagian Ikan Yang Tidak Dapat Dimakan,Non Edible Fish Offal,Tempurung kura-kura/Tortoise-shell
508001,N,O,Perikanan Tangkap,Koral Dan Barang Serupa Itu,Lainnya,Lainnya,Other Fish,Coral And Similar Material,Tropis,Koral Dan Barang Serupa Itu,Coral And Similar Material,"NA"
508002,N,O,Perikanan Tangkap,Bagian Ikan Lainnya,Lainnya,Lainnya,Other Fish,Other Fish Offal,Tropis,Bagian Ikan Yang Tidak Dapat Dimakan,Non Edible Fish Offal,"Cangkang moluska, krustasea atau binatang berkulit lunak/Shells of molluscs, crustaceans or echinoderms"
508009,N,O,Perikanan Tangkap,Bagian Ikan Lainnya,Lainnya,Lainnya,Other Fish,Other Fish Offal,Tropis,Bagian Ikan Yang Tidak Dapat Dimakan,Non Edible Fish Offal,"tulang sotong, tidak dikerjakan atau dikerjakan secara sederhana tetapi tidak dipotong menjadi berbentuk, bubuk dan sisa dari produk tersebut/Cuttle-bone, unworked or simply prepared not cut to shape, powder and waste thereof."
511911,N,O,Perikanan Tangkap,Bagian Ikan Lainnya,Lainnya,Lainnya,Other Fish,Other Fish Offal,Tropis,Bagian Ikan Yang Tidak Dapat Dimakan,Non Edible Fish Offal,"Telur dan sperma dari produk dari ikan  atau krustasea, moluska atau invertebrata air lainnya, bukan untuk konsumsi manusia (binatang mati dari Bab 3)/Roes and milt form products of fish or crustaceans, mollusc or other aquatic invertebrates, not for human consumption (Dead animals of Chapter 3)"
511913,N,O,Perikanan Tangkap,Bagian Ikan Lainnya,Lainnya,Lainnya,Other Fish,Other Fish Offal,Tropis,Bagian Ikan Yang Tidak Dapat Dimakan,Non Edible Fish Offal,Kulit ikan/Fish skin
511919,N,O,Perikanan Tangkap,Bagian Ikan Lainnya,Lainnya,Lainnya,Other Fish,Other Fish Offal,Tropis,Bagian Ikan Yang Tidak Dapat Dimakan,Non Edible Fish Offal,"Produk lainnya dari ikan atau krustasea, moluska atau invertebrata air lainnya/Other products of fish or crustaceans, mollusc or other aquatic invertebrates"
511993,N,O,Perikanan Tangkap,Bagian Ikan Lainnya,Lainnya,Lainnya,Other Fish,Other Fish Offal,Tropis,Bagian Ikan Yang Tidak Dapat Dimakan,Non Edible Fish Offal,Sponge alami/Natural sponges
602909,N,N,Perikanan Tangkap,Tanaman Air,Lainnya,Lainnya,Other Fish,Aquatic Plants,Tropis,Tanaman Air,Aquatic Plants,"NA"
152190,N,O,Perikanan Tangkap,Bagian Ikan Lainnya,Lainnya,Lainnya,Other Fish,Other Fish Offal,Tropis,Bagian Ikan Yang Tidak Dapat Dimakan,Non Edible Fish Offal,Spermaceti/Spermaceti
035030,N,O,Perikanan Tangkap,Olahan Ikan Lainnya,Lainnya,Lainnya,Other Fish,Other Prepared Fish,Tropis,Lem Ikan,Fish Glue,Lem ikan
410320,N,O,Perikanan Tangkap,Binatang Melata,Lainnya,Lainnya,Other Fish,Reptiles,Tropis,Jangat Dan Kulit,Hides And Skins,"Jangat dan kulit mentah dari binatang melata, belum disamak/Raw hide and skin of reptiles, pre-tanned"
410640,N,O,Perikanan Tangkap,Binatang Melata,Lainnya,Lainnya,Other Fish,Reptiles,Tropis,Jangat Dan Kulit,Hides And Skins,"Jangat dan kulit mentah dari binatang melata, disamak"
411330,N,O,Perikanan Tangkap,Binatang Melata,Lainnya,Lainnya,Other Fish,Reptiles,Tropis,Jangat Dan Kulit,Hides And Skins,"Kulit samak yang diolah lebih lanjut setelah penyamakan atau crusting, termasuk kulit samak yang diolah secara perkamen dari binatang melata/Leather further prepared after tanning or crusting, including parchment-dressed leather of reptiles"
960190,N,O,Perikanan Tangkap,Bagian Ikan Lainnya,Lainnya,Lainnya,Other Fish,Other Fish Offal,Tropis,Bagian Ikan Yang Tidak Dapat Dimakan,Non Edible Fish Offal,"Tempat cerutu atau sigaret, wadah tembakau, barang pajangan dari kulit kerang atau tempurung kura-kura dikerjakan dan barang darioadanya"
030193,K,N,Perikanan Budidaya,Karper,Lainnya,Lainnya,Other Fish,Carps,Tropis,Hidup,Live,"Bibit karper  (Cyprinus carpio, Carassius carassius, Ctenopharyngodon idellus, Hypophthalmichthys spp., Cirrhinus spp., Mylopharyngodon piceus), selain benih ikan/Carp (Cyprinus carpio, Carassius carassius, Ctenopharyngodon idellus, Hypophthalmichthys spp., Cirrhinus spp., Mylopharyngodon piceus), breeding, other than fry"
030199,K,N,Perikanan Budidaya,Ikan Lainnya,Lainnya,Lainnya,Other Fish,Other Fish,Tropis,Hidup,Live,Bibit bandeng dan kerapu
030273,K,N,Perikanan Budidaya,Karper,Lainnya,Lainnya,Other Fish,Carps,Tropis,Segar Atau Dingin,Fresh Or Chilled,"Karper lainnya (Cyprinus carpio, Carassius carassius, Ctenopharyngodon idellus, Hypophthalmichthys spp., Mylopharyngodon piceus), segar atau dingin/Other carp (Cyprinus carpio, Carassius carassius, Ctenopharyngodon idellus, Hypophthalmichthys spp., Mylopharyngodon piceus), fresh or chilled"
030325,K,N,Perikanan Budidaya,Karper,Lainnya,Lainnya,Other Fish,Carps,Tropis,Beku,Frozen,"Karper (Cyprinus carpio, Carassius carassius, Ctenopharyngodon idellus, Hypophthalmichthys spp., Cirrhinus spp., Mylopharyngodon piceus) beku/Carp (Cyprinus carpio, Carassius carassius, Ctenopharyngodon idellus, Hypophthalmichthys spp., Cirrhinus spp., Mylopharyngodon piceus) frozen"
030439,K,O,Perikanan Budidaya,Ikan Lainnya,Lainnya,Lainnya,Other Fish,Other Fish,Tropis,Fillet,Fillets,"Fillet karper (Cyprinus carpio, Carassius carassius, Ctenopharyngodon idellus, Hypophthalmichthys spp., Cirrhinus spp., Mylopharyngodon piceus), fillet sidat (Anguilla spp.) dan fillet gabus (Channa spp.) segar atau dingin/Carp fillets (Cyprinus carpio, Carassius carassius, Ctenopharyngodon idellus, Hypophthalmichthys spp., Cirrhinus spp., Mylopharyngodon piceus), eels fillets (Anguilla spp.) and snakeheads fillets (Channa spp.) fresh or chilled"
030451,K,O,Perikanan Budidaya,Ikan Lainnya,Lainnya,Lainnya,Other Fish,Other Fish,Tropis,Daging Lainnya,Other Meat,"Daging tilapia (Oreochromis spp.), catfish (Pangasius spp., Silurus spp., Clarias spp., Ictalurus spp.), karper (Cyprinus carpio, Carassius carassius, Ctenopharyngodon idellus, Hypophthalmichthys spp., Cirrhinus spp., Mylopharyngodon piceus), sidat (Anguilla spp.), nile perch (Lates niloticus) dan gabus (Channa spp.)  segar atau dingin/Meat of tilapias (Oreochromis spp.), catfish (Pangasius spp., Silurus spp., Clarias spp., Ictalurus spp.), carp (Cyprinus carpio, Carassius carassius, Ctenopharyngodon idellus, Hypophthalmichthys spp., Cirrhinus spp., Mylopharyngodon piceus), eels (Anguilla spp.), nile perch (Lates niloticus) and snakeheads (Channa spp.)  fresh or chilled"
030469,K,O,Perikanan Budidaya,Ikan Lainnya,Lainnya,Lainnya,Other Fish,Other Fish,Tropis,Fillet,Fillets,"Fillet karper (Cyprinus carpio, Carassius carassius, Ctenopharyngodon idellus, Hypophthalmichthys spp., Cirrhinus spp., Mylopharyngodon piceus), Fillet sidat (Anguilla spp.) dan Fillet gabus (Channa spp.) beku/Carp fillets (Cyprinus carpio, Carassius carassius, Ctenopharyngodon idellus, Hypophthalmichthys spp., Cirrhinus spp., Mylopharyngodon piceus), eels fillets (Anguilla spp.) dan snakeheads fillets  (Channa spp.) frozen"
030493,K,O,Perikanan Budidaya,Ikan Lainnya,Lainnya,Lainnya,Other Fish,Other Fish,Tropis,Daging Lainnya,Other Meat,"Daging tilapia (Oreochromis spp.), catfish (Pangasius spp., Silurus spp., Clarias spp., Ictalurus spp.), karper (Cyprinus carpio, Carassius carassius, Ctenopharyngodon idellus, Hypophthalmichthys spp., Cirrhinus spp., Mylopharyngodon piceus), sidat (Anguilla spp.), Nile perch (Lates niloticus) dan gabus (Channa spp.) beku/Meat of tilapias (Oreochromis spp.), catfish (Pangasius spp., Silurus spp., Clarias spp., Ictalurus spp.), carp (Cyprinus carpio, Carassius carassius, Ctenopharyngodon idellus, Hypophthalmichthys spp., Cirrhinus spp., Mylopharyngodon piceus), eels (Anguilla spp.), Nile perch (Lates niloticus) and snakeheads (Channa spp.) frozen"
030531,K,O,Perikanan Budidaya,Ikan Lainnya,Lainnya,Lainnya,Other Fish,Other Fish,Tropis,Fillet,Fillets,"Fillet tilapias (Oreochromis spp.), catfish (Pangasius spp., Silurus spp., Clarias spp., Ictalurus spp.), karper (Cyprinus carpio, Carassius carassius, Ctenopharyngodon idellus, Hypophthalmichthys spp., Cirrhinus spp., Mylopharyngodon piceus), sidat (Anguilla spp.), nile perch (Lates niloticus) dan gabus (Channa spp.) dikeringkan, digarami atau dalam air garam, tetapi tidak diasapi/Tilapias fillets (Oreochromis spp.), catfish (Pangasius spp., Silurus spp., Clarias spp., Ictalurus spp.), carp (Cyprinus carpio, Carassius carassius, Ctenopharyngodon idellus, Hypophthalmichthys spp., Cirrhinus spp., Mylopharyngodon piceus), eels (Anguilla spp.), nile perch (Lates niloticus) and snakeheads (Channa spp.), dried, salted or in brine, but not smoked"
030539,K,O,Perikanan Budidaya,Ikan Lainnya,Lainnya,Lainnya,Other Fish,Other Fish,Tropis,Fillet,Fillets,"Fillet ikan garfish air tawar (Xenentodon cancila), Ikan kambing bersirip kuning (Upeneus vittatus) dan ikan long-rakered trevally (Ulua mentalis), dikeringkan, digarami atau dalam air garam, tetapi tidak diasapi/Fillets of freshwater garfish (Xenentodon cancila), yellowstriped goatfish (Upeneus vittatus) and long-rakered trevally (Ulua mentalis), dried, salted or in brine, but not smoked"
030544,K,O,Perikanan Budidaya,Ikan Lainnya,Lainnya,Lainnya,Other Fish,Other Fish,Tropis,Diasapi,Smoked,"Tilapia (Oreochromis spp.), lele (Pangasius spp., Silurus spp., Clarias spp., Ictalurus spp.), karper (Cyprinus spp., Carassius spp., Ctenopharyngodon idellus, Hypophthalmichthys spp., Cirrhinus spp., Mylopharyngodon piceus, Catla catla, Labeo spp., Osteochilus hasselti, Leptobarbus hoeveni, Megalobrama spp.), sidat (Anguilla spp.), Nile perch (Lates niloticus) dan gabus (Channa spp.), diasapi, termasuk fillet, selain bagian ikan lainnya yang dapat dimakan"
030552,K,O,Perikanan Budidaya,Ikan Lainnya,Lainnya,Lainnya,Other Fish,Other Fish,Tropis,Dikeringkan,Dried,"Tilapia (Oreochromis spp.), lele (Pangasius spp., Silurus spp., Clarias spp., Ictalurus spp.), karper (Cyprinus spp., Carassius spp., Ctenopharyngodon idellus, Hypophthalmichthys spp., Cirrhinus spp., Mylopharyngodon piceus, Catla catla, Labeo spp., Osteochilus hasselti, Leptobarbus hoeveni, Megalobrama spp.), sidat (Anguilla spp.), Nile perch (Lates niloticus) dan gabus (Channa spp.), dikeringkan, digarami atau tidak digarami tetapi tidak diasapi"
030564,K,O,Perikanan Budidaya,Ikan Lainnya,Lainnya,Lainnya,Other Fish,Other Fish,Tropis,Diasinkan,Salted,"Tilapia (Oreochromis spp.), catfish (Pangasius spp., Silurus spp., Clarias spp., Ictalurus spp.), karper (Cyprinus carpio, Carassius carassius, Ctenopharyngodon idellus, Hypophthalmichthys spp., Cirrhinus spp., Mylopharyngodon piceus), sidat (Anguilla spp.), nile perch (Lates niloticus) dan gabus (Channa spp.) diasinkan tetapi tidak dikeringkan atau tidak diasapi, dan ikan dalam air garam, selain bagian ikan lainnya yang dapat dimakan/Tiilapias (Oreochromis spp.), catfish (Pangasius spp., Silurus spp., Clarias spp., Ictalurus spp.), carp (Cyprinus carpio, Carassius carassius, Ctenopharyngodon idellus, Hypophthalmichthys spp., Cirrhinus spp., Mylopharyngodon piceus), eels (Anguilla spp.), nile perch (Lates niloticus) dan snakeheads (Channa spp.) salted but not dried or smoked, and in brine, other than edible fish offal."
511912,N,O,Perikanan Budidaya,Hati-Telur Ikan,Hati-Telur Ikan,Lainnya,Other Fish,Livers And Roes Of Fish,Tropis,Artemia,Artemia,Telur artemia/Artemia egg
150410,N,O,Perikanan Tangkap,Lemak-Minyak Ikan,Lemak-Minyak Ikan,Lainnya,Other Fish,Fats And Oils Fish,Tropis,Fraksi Padat,Solid Fractions,Minyak hati ikan fraksi padat/Solid fractions of fish-liver oils
150420,N,O,Perikanan Tangkap,Lemak-Minyak Ikan,Lemak-Minyak Ikan,Lainnya,Other Fish,Fats And Oils Fish,Tropis,Fraksi Padat,Solid Fractions,"Lemak dan minyak ikan fraksi padat, selain minyak hati ikan/Solid fraction of fats and oil fish other than liver oils"
150430,N,O,Perikanan Tangkap,Lemak-Minyak Ikan,Lemak-Minyak Ikan,Lainnya,Other Fish,Fats And Oils Fish,Tropis,Fraksi Padat,Solid Fractions,"Lemak dan minyak serta fraksinya dari binatang laut menyusui,"
230110,N,O,Perikanan Tangkap,Tepung Ikan-Pellet,Tepung Ikan-Pellet,Lainnya,Other Fish,"Flours, Meals, Pellets",Tropis,Tidak Layak Untuk Konsumsi Manusia,Unfit For Human Consumption,"Tepung, tepung kasar dan pelet, dari daging atau sisanya; greaves, tidak layak untuk konsumsi manusia"
230120,N,O,Perikanan Tangkap,Tepung Ikan-Pellet,Tepung Ikan-Pellet,Lainnya,Other Fish,"Flours, Meals, Pellets",Tropis,Tidak Layak Untuk Konsumsi Manusia,Unfit For Human Consumption,"Tepung, tepung kasar dan pelet dari ikan, dengan kandungan protein kurang dari 60% menurut beratnya/Flours, meals and pellets of fish, with a protein content of less than 60% by weight"
230990,N,O,Perikanan Tangkap,Tepung Ikan-Pellet,Tepung Ikan-Pellet,Lainnya,Other Fish,"Flours, Meals, Pellets",Tropis,Tidak Layak Untuk Konsumsi Manusia,Unfit For Human Consumption,Makanan lengkap dari jenis yang cocok untuk udang/Complete feed  of a kind suitable for prawns
030272,K,N,Perikanan Budidaya,Catfish,Catfish,Lainnya,Other Fish,Catfish,Tropis,Segar Atau Dingin,Fresh Or Chilled,Catfish ekor kuning (Pangasius pangasius) segar atau dingin/Yellowtail catfish (Pangasius pangasius) fresh or chilled
030324,K,N,Perikanan Budidaya,Catfish,Catfish,Lainnya,Other Fish,Catfish,Tropis,Beku,Frozen,"Catfish (Pangasius spp., Silurus spp., Clarias spp., Ictalurus spp.) beku/Catfish (Pangasius spp., Silurus spp., Clarias spp., Ictalurus spp.) fozen"
030432,K,O,Perikanan Budidaya,Catfish,Catfish,Lainnya,Other Fish,Catfish,Tropis,Fillet,Fillets,"NA"
030462,K,O,Perikanan Budidaya,Catfish,Catfish,Lainnya,Other Fish,Catfish,Tropis,Fillet,Fillets,"Fillet catfish (Pangasius spp., Silurus spp., Clarias spp., Ictalurus spp.), beku"
030520,K,O,Perikanan Budidaya,Hati-Telur Ikan,Hati-Telur Ikan,Lainnya,Other Fish,Livers And Roes Of Fish,Tropis,"Diasinkan Atau Dalam Air Garam, Dikeringkan, Diasapi","Salted Or In Brine, Dried, Smoked","Hati dan telur ikan air tawar, dikeringkan, diasapi, diasinkan atau dalam air garam/Livers and roes of freshwater fish, dried, smoked, salted or in brine"
030760,K,N,Perikanan Budidaya,Siput (Selain Siput Laut),Siput (Selain Siput Laut),Lainnya,Other Fish,Snails (Other Than Sea Snails),Tropis,Hidup,Live,"Siput (selain siput laut) hidup/Snails (other than sea snails), live"
160558,K,O,Perikanan Budidaya,Siput (Selain Siput Laut),Siput (Selain Siput Laut),Lainnya,Other Fish,Snails (Other Than Sea Snails),Tropis,Diolah-Diawetkan,Prepared Or Preserved,"Siput (selain siput laut) diolah atau diawetkan/Snails (other than sea snails), prepared or preserved"
208901,K,O,Perikanan Tangkap,Paha Kodok,Paha Kodok,Lainnya,Other Fish,Frog'S Legs,Tropis,"Segar, Dingin Atau Beku","Fresh, Chilled Or Frozen","Daging dan bagian daging lainnya yang dapat dimakan dari paha kodok segar,  dingin atau beku/Other meat and edible meat offal of frogs'legs, fresh, chilled or frozen."
030191,K,N,Perikanan Tangkap,Trout,Trout,Lainnya,Other Fish,Trout,Sub Tropis,Hidup,Live,"Trout hidup (Salmo trutta, Oncorhynchus mykiss, Oncorhynchus clarki, Oncorhynchus aguabonita, Oncorhynchus gilae, Oncorhynchus apache dan Oncorhynchus chrysogaster)/Live trout (Salmo trutta, Oncorhynchus mykiss, Oncorhynchus clarki, Oncorhynchus aguabonita, Oncorhynchus gilae, Oncorhynchus apache and Oncorhynchus chrysogaster)"
030211,K,N,Perikanan Tangkap,Trout,Trout,Lainnya,Other Fish,Trout,Sub Tropis,Segar Atau Dingin,Fresh Or Chilled,"Trout (Salmo trutta, Oncorhynchus mykiss, Oncorhynchus clarki, Oncorhynchus aguabonita, Oncorhynchus gilae, Oncorhyncus apache dan Oncorhynchus chrysogaster), segar atau dingin/Trout (Salmo trutta, Oncorhynchus mykiss, Oncorhynchus clarki, Oncorhynchus aguabonita, Oncorhynchus gilae, Oncorhyncus apache and Oncorhynchus chrysogaster), fresh or chilled"
030213,K,N,Perikanan Tangkap,Salmon,Salmon,Lainnya,Other Fish,Salmon,Sub Tropis,Segar Atau Dingin,Fresh Or Chilled,"Salmon Pacifik (Oncorhynchus nerka, Oncorhynchus gorbuscha, Oncorhynchus keta, Oncorhynchus tschawytscha, Oncorhynchus kisutc, oncorhynchus masou dan Oncorhynchus rhodurus), segar atau dingin/Pacific salmon (Oncorhynchus nerka, Oncorhynchus gorbuscha, Oncorhynchus keta, Oncorhynchus tschawytscha, Oncorhynchus kisutc, oncorhynchus masou and Oncorhynchus rhodurus) fresh or chilled"
030214,K,N,Perikanan Tangkap,Salmon,Salmon,Lainnya,Other Fish,Salmon,Sub Tropis,Segar Atau Dingin,Fresh Or Chilled,"Salmon Atlantik (Salmo salar) dan salmon Danube (Hucho hucho), segar atau dingin"
030242,K,N,Perikanan Tangkap,Teri,Teri,Lainnya,Other Fish,Anchovies,Tropis,Segar Atau Dingin,Fresh Or Chilled,"Teri (Engraulis spp.) segar atau dingin/Anchovies (Engraulis spp.), fresh or chilled"
030246,K,N,Perikanan Tangkap,Cobia,Cobia,Lainnya,Other Fish,Cobia,Tropis,Segar Atau Dingin,Fresh Or Chilled,"Cobia (Rachycentron canadum) segar atau dingin/Cobia (Rachycentron canadum), fresh or chilled"
030251,K,N,Perikanan Tangkap,Cod,Cod,Lainnya,Other Fish,Cod,Sub Tropis,Segar Atau Dingin,Fresh Or Chilled,"Cod (Gadus morhua, Gadus ogac, Gadus macrocephalus) segar atau dingin/Cod (Gadus morhua, Gadus ogac, Gadus macrocephalus), fresh or chilled"
030255,K,N,Perikanan Tangkap,Alaska Pollack,Alaska Pollack,Lainnya,Other Fish,Alaska Pollack,Sub Tropis,Segar Atau Dingin,Fresh Or Chilled,"Alaska Pollack (Theragra chalcogramma) segar atau dingin/Alaska Pollack (Theragra chalcogramma), fresh or chilled"
030279,K,N,Perikanan Tangkap,Gabus Dan Nile Perch,Gabus Dan Nile Perch,Lainnya,Other Fish,Snakeheads And Nile Perch,Sub Tropis,Segar Atau Dingin,Fresh Or Chilled,Nile perch (Lates niloticus) dan gabus (Channa spp.) segar atau dingin/Nile perch (Lates niloticus) and snakeheads (Channa spp.) fresh or chilled
030282,K,N,Perikanan Tangkap,Pari Dan Skates,Pari Dan Skates,Lainnya,Other Fish,Rays And Skates,Tropis,Segar Atau Dingin,Fresh Or Chilled,Pari dan skates (Rajidae) segar atau dingin/Rays and skates (Rajidae) fresh or chilled
030284,K,N,Perikanan Tangkap,Seabass,Seabass,Lainnya,Other Fish,Seabass,Sub Tropis,Segar Atau Dingin,Fresh Or Chilled,Seabass (Dicentrarchus spp.) segar atau dingin/Seabass (Dicentrarchus spp.) fresh or chilled
030291,K,O,Perikanan Tangkap,Hati-Telur Ikan,Hati-Telur Ikan,Lainnya,Other Fish,Livers And Roes Of Fish,Tropis,Segar Atau Dingin,Fresh Or Chilled,"Hati, telur dan sperma, segar atau dingin"
030311,K,N,Perikanan Tangkap,Salmon,Salmon,Lainnya,Other Fish,Salmon,Sub Tropis,Beku,Frozen,"Salmon sockeye (salem merah) (Oncorhynchus nerka) beku/Sockeye salmon (red salmon) (Oncorhynchus nerka), frozen"
030312,K,N,Perikanan Tangkap,Salmon,Salmon,Lainnya,Other Fish,Salmon,Sub Tropis,Beku,Frozen,"Salmon pasifik lainnya (Oncorhynchus gorbuscha, Oncorhynchus keta, Oncorhynchus tschawytscha, Oncorhynchus kisutch, Oncorhynchus masou dan Oncorhynchus rhodurus) beku/Other pacific salmon (Oncorhynchus gorbuscha, Oncorhynchus keta, Oncorhynchus tschawytscha, Oncorhynchus kisutch, Oncorhynchus masou and Oncorhynchus rhodurus) frozen"
030313,K,N,Perikanan Tangkap,Salmon,Salmon,Lainnya,Other Fish,Salmon,Sub Tropis,Beku,Frozen,"Salmon Atlantik (Salmo salar) dan salmon danube (Hucho hucho), beku"
030314,K,N,Perikanan Tangkap,Trout,Trout,Lainnya,Other Fish,Trout,Sub Tropis,Beku,Frozen,"Trout (Salmo trutta, Oncorhynchus mykiss, Oncorhynchus clarki, Oncorhynchus aguabonita, Oncorhynchus gilae, Oncorhyncus apache dan Oncorhynchus chrysogaster) beku/Trout (Salmo trutta, Oncorhynchus mykiss, Oncorhynchus clarki, Oncorhynchus aguabonita, Oncorhynchus gilae, Oncorhyncus apache dan Oncorhynchus chrysogaster), beku"
030329,K,N,Perikanan Tangkap,Gabus Dan Nile Perch,Gabus Dan Nile Perch,Lainnya,Other Fish,Snakeheads And Nile Perch,Sub Tropis,Beku,Frozen,Nile perch (Lates niloticus) dan gabus (Channa spp.) beku/Nile perch (Lates niloticus) and snakeheads (Channa spp.) frozen
030356,K,N,Perikanan Tangkap,Cobia,Cobia,Lainnya,Other Fish,Cobia,Tropis,Beku,Frozen,Cobia (Rachycentron canadum) beku/Cobia (Rachycentron canadum) frozen
030363,K,N,Perikanan Tangkap,Cod,Cod,Lainnya,Other Fish,Cod,Sub Tropis,Beku,Frozen,"Cod (Gadus morhua, Gadus ogac, Gadus macrocephalus) beku/Cod (Gadus morhua, Gadus ogac, Gadus macrocephalus), frozen"
030367,K,N,Perikanan Tangkap,Alaska Pollack,Alaska Pollack,Lainnya,Other Fish,Alaska Pollack,Sub Tropis,Beku,Frozen,"Alaska Pollack (Theragra chalcogramma) beku/Alaska Pollack (Theragra chalcogramma), frozen"
030382,K,N,Perikanan Tangkap,Pari Dan Skates,Pari Dan Skates,Lainnya,Other Fish,Rays And Skates,Tropis,Beku,Frozen,Pari dan skates (Rajidae) beku/Rays and saktes (Rajidae) frozen
030384,K,N,Perikanan Tangkap,Seabass,Seabass,Lainnya,Other Fish,Seabass,Sub Tropis,Beku,Frozen,"Seabass (Dicentrarchus spp.) beku/Seabass (Dicentrarchus spp.), frozen"
030391,K,N,Perikanan Tangkap,Hati-Telur Ikan,Hati-Telur Ikan,Lainnya,Other Fish,Livers And Roes Of Fish,Tropis,Beku,Frozen,"Hati, telur dan sperma, beku"
030390,K,N,Perikanan Tangkap,Hati-Telur Ikan,Hati-Telur Ikan,Lainnya,Other Fish,Livers And Roes Of Fish,Tropis,Beku,Frozen,"NA"
030441,K,O,Perikanan Tangkap,Salmon,Salmon,Lainnya,Other Fish,Salmon,Sub Tropis,Fillet,Fillets,"Fillet salmon pasifik (Oncorhynchus nerka, Oncorhynchus gorbuscha, Oncorhynchus keta, Oncorhynchus tschawytscha, Oncorhynchus kisutch, Oncorhynchus masou dan Oncorhynchus rhodurus), Salmon Atlantik (Salmo salar) dan Salmon Danube (Hucho hucho) segar atau dingin/Fillets of pasific salmon (Oncorhynchus nerka, Oncorhynchus gorbuscha, Oncorhynchus keta, Oncorhynchus tschawytscha, Oncorhynchus kisutch, Oncorhynchus masou dan Oncorhynchus rhodurus), Atlantic salmon (Salmo salar) and Danube Salmon (Hucho hucho), fresh or chilled"
030442,K,O,Perikanan Tangkap,Trout,Trout,Lainnya,Other Fish,Trout,Sub Tropis,Fillet,Fillets,"Fillet Trout (Salmo trutta, Oncorhynchus mykiss, Oncorhynchus clarki, Oncorhynchus aguabonita, Oncorhynchus gilae, Oncorhyncus apache dan Oncorhynchus chrysogaster) segar atau dingin/Trout fillets (Salmo trutta, Oncorhynchus mykiss, Oncorhynchus clarki, Oncorhynchus aguabonita, Oncorhynchus gilae, Oncorhyncus apache and Oncorhynchus chrysogaster) fresh or chilled"
030448,K,O,Perikanan Tangkap,Pari Dan Skates,Pari Dan Skates,Lainnya,Other Fish,Rays And Skates,Tropis,Fillet,Fillets,"Fillet pari dan skates (Rajidae), segar atau dingin"
030457,K,O,Perikanan Tangkap,Pari Dan Skates,Pari Dan Skates,Lainnya,Other Fish,Rays And Skates,Tropis,Daging Lainnya,Other Meat,"Daging pari dan skates (Rajidae), segar atau dingin"
030471,K,O,Perikanan Tangkap,Cod,Cod,Lainnya,Other Fish,Cod,Sub Tropis,Fillet,Fillets,"Fillet cod (Gadus morhua, Gadus ogac, Gadus macrocephalus) beku/Cod fillets (Gadus morhua, Gadus ogac, Gadus macrocephalus) frozen"
030475,K,O,Perikanan Tangkap,Alaska Pollack,Alaska Pollack,Lainnya,Other Fish,Alaska Pollack,Sub Tropis,Fillet,Fillets,"Fillet Alaska Pollack (Theragra chalcogramma) beku/Alaska Pollack fillets (Theragra chalcogramma), frozen"
030481,K,O,Perikanan Tangkap,Salmon,Salmon,Lainnya,Other Fish,Salmon,Sub Tropis,Fillet,Fillets,"Fillet Salmon Pasifik (Oncorhynchus nerka, Oncorhynchus gorbuscha, Oncorhynchus keta, Oncorhynchus tschawytscha, Oncorhynchus kisutch, Oncorhynchus masou dan Oncorhynchus rhodurus), salmon Atlantik (Salmo salar) dan salmon Danube (Hucho hucho), beku"
030482,K,O,Perikanan Tangkap,Trout,Trout,Lainnya,Other Fish,Trout,Sub Tropis,Fillet,Fillets,"Filet beku Trout (Salmo trutta, Oncorhynchus mykiss, Oncorhynchus clarki, Oncorhynchus aguabonita, Oncorhynchus gilae, Oncorhyncus apache dan Oncorhynchus chrysogaster)/Frozen fillets of trout (Salmo trutta, Oncorhynchus mykiss, Oncorhynchus clarki, Oncorhynchus aguabonita, Oncorhynchus gilae, Oncorhyncus apache and Oncorhynchus chrysogaster)"
030494,K,O,Perikanan Tangkap,Alaska Pollack,Alaska Pollack,Lainnya,Other Fish,Alaska Pollack,Sub Tropis,Daging Lainnya,Other Meat,"Daging lainnya Alaska Pollack (Theragra chalcogramma) beku/Other meat of Alaska Pollack (Theragra chalcogramma), frozen"
030497,K,O,Perikanan Tangkap,Pari Dan Skates,Pari Dan Skates,Lainnya,Other Fish,Rays And Skates,Tropis,Daging Lainnya,Other Meat,"Daging pari dan skates (Rajidae), beku"
030510,K,O,Perikanan Tangkap,Tepung Ikan-Pellet,Tepung Ikan-Pellet,Lainnya,Other Fish,"Flours, Meals, Pellets",Tropis,Layak Untuk Konsumsi Manusia,Fit For Human Consumption,"Tepung, tepung kasar dan pellet dari ikan yang layak untuk dikonsumsi manusia/Flours, meals, and pellets of fish, fit for human consumption"
030541,K,O,Perikanan Tangkap,Salmon,Salmon,Lainnya,Other Fish,Salmon,Sub Tropis,Diasapi,Smoked,"Salmon pasifik (Oncorhynchus nerka, Oncorhynchus gorbuscha, Oncorhynchus keta, Oncorhynchus tschawytscha, Oncorhynchus kisutch, Oncorhynchus masou dan Oncorhynchus rhodurus), Salmon Atlantik (Salmo salar) dan Salmon Danube (Hucho hucho) diasapi, termasuk fillet/Pacific salmon (Oncorhynchus nerka, Oncorhynchus gorbuscha, Oncorhynchus keta, Oncorhynchus tschawytscha, Oncorhynchus kisutch, Oncorhynchus masou and Oncorhynchus rhodurus), Atlantic salmon (Salmo salar) and Danube salmon (Hucho hucho), smoked, including fillets"
030543,K,O,Perikanan Tangkap,Trout,Trout,Lainnya,Other Fish,Trout,Sub Tropis,Diasapi,Smoked,"Trout (Salmo trutta, Oncorhynchus mykiss, Oncorhynchus clarki, Oncorhynchus aguabonita, Oncorhynchus gilae, Oncorhyncus apache dan Oncorhynchus chrysogaster) diasapi, termasuk fillet/Trout (Salmo trutta, Oncorhynchus mykiss, Oncorhynchus clarki, Oncorhynchus aguabonita, Oncorhynchus gilae, Oncorhyncus apache and Oncorhynchus chrysogaster), smoked, including fillets"
030551,K,O,Perikanan Tangkap,Cod,Cod,Lainnya,Other Fish,Cod,Sub Tropis,Dikeringkan,Dried,"Cod (Gadus morhua, Gadus ogac, Gadus macrocephalus) dikeringkan, digarami atau tidak digarami tetapi tidak diasapi/Cod (Gadus morhua, Gadus ogac, Gadus macrocephalus), dried, salted or unsalted but not smoked"
030562,K,O,Perikanan Tangkap,Cod,Cod,Lainnya,Other Fish,Cod,Sub Tropis,Diasinkan,Salted,"Cod (Gadus morhua, Gadus ogac, Gadus macrocephalus) diasinkan, tidak dikeringkan atau diasapi/Cod (Gadus morhua, Gadus ogac, Gadus macrocephalus), salted, not dried or smoked"
030563,K,O,Perikanan Tangkap,Teri,Teri,Lainnya,Other Fish,Anchovies,Tropis,Diasinkan,Salted,"Teri (Engraulis spp.) diasinkan tetapi tidak dikeringkan atau diasapi dan dalam air garam/Anchovies (Engraulis spp.), salted but not dried or smoked and in brine"
030572,K,O,Perikanan Tangkap,Cod,Cod,Lainnya,Other Fish,Cod,Sub Tropis,Bagian Ikan Yang Dapat Dimakan,Edible Fish Offal,Perut ikan cod
030711,K,N,Perikanan Tangkap,Tiram,Kerang-kerangan,Lainnya,Other Fish,Oysters,Tropis,Hidup,Live,"Tiram (Oysters) hidup/Oysters, live"
030712,K,N,Perikanan Tangkap,Tiram,Kerang-kerangan,Lainnya,Other Fish,Oysters,Tropis,Beku,Frozen,"Tiram (Oysters) beku/Oysters, frozen"
030719,K,O,Perikanan Tangkap,Tiram,Kerang-kerangan,Lainnya,Other Fish,Oysters,Tropis,Dikeringkan,Dried,"Tiram (Oysters) dikeringkan, digarami atau dalam air garam/Oysters, dried, salted atau in brine"
030721,K,N,Perikanan Tangkap,Kerang,Kerang-kerangan,Lainnya,Other Fish,Scallops,Tropis,Hidup,Live,"Kerang (Scallops), termasuk kerang ratu, dari genera Pecten, Chlamys atau Placopecten, hidup/Scallops, including queen scallops, of the genera Pecten, Chlamys or Placopecten, live"
030722,K,N,Perikanan Tangkap,Kerang,Kerang-kerangan,Lainnya,Other Fish,Scallops,Tropis,Beku,Frozen,"Kerang (Scallops), termasuk kerang ratu, dari genera Pecten, Chlamys atau Placopecten, beku/Scallops, including queen scallops, of the genera Pecten, Chlamys or Placopecten, frozen"
030729,K,O,Perikanan Tangkap,Kerang,Kerang-kerangan,Lainnya,Other Fish,Scallops,Tropis,Dikeringkan,Dried,"Kerang (Scallops), termasuk kerang ratu, dari genera Pecten, Chlamys atau Placopecten, dikeringkan, digarami atau dalam air garam/Scallops, including queen scallops, of the genera Pecten, Chlamys or Placopecten, dried, salted or in brine"
030731,K,N,Perikanan Tangkap,Remis,Kerang-kerangan,Lainnya,Other Fish,Mussels,Tropis,Hidup,Live,"Remis (Mussels) (Mytillus spp., Perna spp.) hidup/Mussels (Mytillus spp., Perna spp.), live"
030732,K,N,Perikanan Tangkap,Remis,Kerang-kerangan,Lainnya,Other Fish,Mussels,Tropis,Beku,Frozen,"Remis (Mussels) (Mytillus spp., Perna spp.) beku/Mussels (Mytillus spp., Perna spp.), frozen"
030739,K,O,Perikanan Tangkap,Remis,Kerang-kerangan,Lainnya,Other Fish,Mussels,Tropis,Dikeringkan,Dried,"Remis (Mussels) (Mytillus spp., Perna spp.), dikeringkan, digarami atau dalam air garam /Mussels (Mytillus spp., Perna spp.), dried, salted or in brine"
030771,K,N,Perikanan Tangkap,"Kerang, Tiram, Arkshells",Kerang-kerangan,Lainnya,Other Fish,"Clams, Cockles, Ark Shells",Tropis,Hidup,Live,"Kerang (clams), tiram (cockles), dan arkshells dari famili: Arcidae, Arcticidae, Cardiidae, Donacidae, Hiatellidae, Mactridae, Mesodesmatidae, Myidae, Semelidae, Solecurtidae, Solenidae, Tridacnidae and Veneridae), hidup/Clams, cockles, and ark shells (families: Arcidae, Arcticidae, Cardiidae, Donacidae, Hiatellidae, Mactridae, Mesodesmatidae, Myidae, Semelidae, Solecurtidae, Solenidae, Tridacnidae and Veneridae), live"
030772,K,N,Perikanan Tangkap,"Kerang, Tiram, Arkshells",Kerang-kerangan,Lainnya,Other Fish,"Clams, Cockles, Ark Shells",Tropis,Beku,Frozen,"Kerang (clams), tiram (cockles), dan arkshells dari famili: Arcidae, Arcticidae, Cardiidae, Donacidae, Hiatellidae, Mactridae, Mesodesmatidae, Myidae, Semelidae, Solecurtidae, Solenidae, Tridacnidae and Veneridae), beku/Clams, cockles, and ark shells (families: Arcidae, Arcticidae, Cardiidae, Donacidae, Hiatellidae, Mactridae, Mesodesmatidae, Myidae, Semelidae, Solecurtidae, Solenidae, Tridacnidae and Veneridae), frozen"
030779,K,O,Perikanan Tangkap,"Kerang, Tiram, Arkshells",Kerang-kerangan,Lainnya,Other Fish,"Clams, Cockles, Ark Shells",Tropis,Dikeringkan,Dried,"Kerang (clams), tiram (cockles), dan arkshells dari famili: Arcidae, Arcticidae, Cardiidae, Donacidae, Hiatellidae, Mactridae, Mesodesmatidae, Myidae, Semelidae, Solecurtidae, Solenidae, Tridacnidae and Veneridae), dikeringkan, diasinkan atau dalam air garam/Clams, cockles, and ark shells (families: Arcidae, Arcticidae, Cardiidae, Donacidae, Hiatellidae, Mactridae, Mesodesmatidae, Myidae, Semelidae, Solecurtidae, Solenidae, Tridacnidae and Veneridae),  dried, salted or in brine"
030781,K,N,Perikanan Tangkap,Abalon,Kerang-kerangan,Lainnya,Other Fish,Abalone,Tropis,Hidup,Live,"Abalon (Haliotis spp.) hidup/Abalone (Haliotis spp), live"
030783,K,N,Perikanan Tangkap,Abalon,Kerang-kerangan,Lainnya,Other Fish,Abalone,Tropis,Beku,Frozen,"Abalon (Haliotis spp.) beku/Abalone (Haliotis spp), frozen"
030787,K,O,Perikanan Tangkap,Abalon,Kerang-kerangan,Lainnya,Other Fish,Abalone,Tropis,Dikeringkan,Dried,"Abalon (Haliotis spp.) dikeringkan, diasinkan atau dalam air garam/Abalone (Haliotis spp.), dried, salted or in brine"
030811,K,N,Perikanan Tangkap,Teripang,Teripang,Lainnya,Other Fish,Sea Cucumbers,Tropis,Hidup,Live,"Teripang (Stichopus japonicus, Holothurioidea) hidup/Sea cucumbers (Stichopus japonicus, Holothurloldea), live"
030812,K,N,Perikanan Tangkap,Teripang,Teripang,Lainnya,Other Fish,Sea Cucumbers,Tropis,Beku,Frozen,"Teripang (Stichopus japonicus, Holothurioidea) beku/Sea cucumbers (Stichopus japonicus, Holothurloldea), frozen"
030819,K,O,Perikanan Tangkap,Teripang,Teripang,Lainnya,Other Fish,Sea Cucumbers,Tropis,Dikeringkan,Dried,"Teripang (Stichopus japonicus, Holothurioidea) dikeringkan, diasinkan atau dalam air garam/Sea cucumbers (Stichopus japonicus, Holothurloldea), dried, salted or in brined"
030821,K,N,Perikanan Tangkap,Bulu Babi,Bulu Babi,Lainnya,Other Fish,Sea Urchins,Tropis,Hidup,Live,"Bulu babi (Strongylocentrotus spp., Paracentrotus lividus, Loxechinus albus, Echichinus esculentus) hidup/Sea urchins (Strongylocentrotus spp., Paracentrotus lividus, Loxechinus albus, Echichinus esculentus) live"
030822,K,N,Perikanan Tangkap,Bulu Babi,Bulu Babi,Lainnya,Other Fish,Sea Urchins,Tropis,Beku,Frozen,"Bulu babi (Strongylocentrotus spp., Paracentrotus lividus, Loxechinus albus, Echichinus esculentus) beku/Sea urchins (Strongylocentrotus spp., Paracentrotus lividus, Loxechinus albus, Echichinus esculentus), frozen"
030829,K,O,Perikanan Tangkap,Bulu Babi,Bulu Babi,Lainnya,Other Fish,Sea Urchins,Tropis,Dikeringkan,Dried,"Bulu babi (Strongylocentrotus spp., Paracentrotus lividus, Loxechinus albus, Echichinus esculentus) dikeringkan, diasinkan atau dalam air garam/Sea urchins (Strongylocentrotus spp., Paracentrotus lividus, Loxechinus albus, Echichinus esculentus), dried, salted or in brine"
030830,K,N,Perikanan Tangkap,Ubur-Ubur,Ubur-Ubur,Lainnya,Other Fish,Jellyfish,Tropis,Hidup,Live,"Ubur-ubur (Rhopilema spp.), hidup/Jellyfish (Rhopilema spp.), live"
511910,K,O,Perikanan Tangkap,Hati-Telur Ikan,Hati-Telur Ikan,Lainnya,Other Fish,Livers And Roes Of Fish,Tropis,Lainnya,Others,"NA"
160411,K,O,Perikanan Tangkap,Salmon,Salmon,Lainnya,Other Fish,Salmon,Sub Tropis,Dalam Kemasan Kedap Udara,Prepared Or Preserved,"Salmon, utuh atau dalam potongan, tetapi tidak dicincang, diolah atau diawetkan, dalam kemasan kedap udara untuk penjualan eceran"
160416,K,O,Perikanan Tangkap,Teri,Teri,Lainnya,Other Fish,Anchovies,Tropis,Dalam Kemasan Kedap Udara,Prepared Or Preserved,"Teri (Engraulis spp.) utuh atau dalam potongan tetapi tidak dicincang, diolah atau diawetkan, dalam kemasan kedap udara untuk penjualan eceran"
160431,K,O,Perikanan Tangkap,Hati-Telur Ikan,Hati-Telur Ikan,Lainnya,Other Fish,Livers And Roes Of Fish,Sub Tropis,Kaviar,Caviar,Kaviar/Caviar
160432,K,O,Perikanan Tangkap,Hati-Telur Ikan,Hati-Telur Ikan,Lainnya,Other Fish,Livers And Roes Of Fish,Tropis,Pengganti Kaviar,Caviar Substitute,Pengganti kaviar
160551,K,O,Perikanan Tangkap,Tiram,Kerang-kerangan,Lainnya,Other Fish,Oysters,Tropis,Diolah-Diawetkan,Prepared Or Preserved,"Tiram (Oysters) diolah atau diawetkan/Oysters, prepared or preserved"
160552,K,O,Perikanan Tangkap,Kerang,Kerang-kerangan,Lainnya,Other Fish,Scallops,Tropis,Diolah-Diawetkan,Prepared Or Preserved,"Kerang kipas (Scallops), termasuk kerang ratu, dari genera Pecten, Chlamys atau Placopecten, diolah atau diawetkan/Scallops, including queen scallops, of the genera Pecten, Chlamys or Placopecten, prepared or preserved"
160553,K,O,Perikanan Tangkap,Remis,Kerang-kerangan,Lainnya,Other Fish,Mussels,Tropis,Diolah-Diawetkan,Prepared Or Preserved,"Remis (Mussels) (Mytillus spp., Perna spp.) diolah atau diawetkan/Mussels (Mytillus spp., Perna spp.), prerpared or preserved"
160556,K,O,Perikanan Tangkap,"Kerang, Tiram, Arkshells",Kerang-kerangan,Lainnya,Other Fish,"Clams, Cockles, Ark Shells",Tropis,Diolah-Diawetkan,Prepared Or Preserved,"Kerang (clams), tiram (cockles), dan arkshell) dari famili: Arcidae, Arcticidae, Cardiidae, Donacidae, Hiatellidae, Mactridae, Mesodesmatidae, Myidae, Semelidae, Solecurtidae, Solenidae, Tridacnidae and Veneridae), hidup/Clams, cockles, and ark shells (families: Arcidae, Arcticidae, Cardiidae, Donacidae, Hiatellidae, Mactridae, Mesodesmatidae, Myidae, Semelidae, Solecurtidae, Solenidae, Tridacnidae and Veneridae), live"
160557,K,O,Perikanan Tangkap,Abalon,Kerang-kerangan,Lainnya,Other Fish,Abalone,Tropis,Dalam Kemasan Kedap Udara,Prepared Or Preserved,"Abalon (Haliotis spp.) diolah atau diawetkan, dalam kemasan kedap udara untuk penjualan eceran"
160561,K,O,Perikanan Tangkap,Teripang,Teripang,Lainnya,Other Fish,Sea Cucumbers,Tropis,Diolah-Diawetkan,Prepared Or Preserved,"Teripang (Stichopus japonicus, Holothurioidea) diolah atau diawetkan/Sea cucumbers, prepared or preserved"
160562,K,O,Perikanan Tangkap,Bulu Babi,Bulu Babi,Lainnya,Other Fish,Sea Urchins,Tropis,Diolah-Diawetkan,Prepared Or Preserved,"Bulu babi (Strongylocentrotus spp., Paracentrotus lividus, Loxechinus albus, Echichinus esculentus) diolah atau diawetkan/Sea urchins (Strongylocentrotus spp., Paracentrotus lividus, Loxechinus albus, Echichinus esculentus), prepared or preserved"
160563,K,O,Perikanan Tangkap,Ubur-Ubur,Ubur-Ubur,Lainnya,Other Fish,Jellyfish,Tropis,Diolah-Diawetkan,Prepared Or Preserved,"Ubur-ubur (Rhopilema spp.) diolah atau diawetkan/Jellyfish (Rhopilema spp.), prepared or preserved"
030247,K,N,Perikanan Tangkap,Todak,Todak,Todak,Other Fish,Swordfish,Tropis,Segar Atau Dingin,Fresh Or Chilled,Todak (Xiphias gladius) segar atau dingin/Swordfish (Xiphias gladius) fresh or chilled
030357,K,N,Perikanan Tangkap,Todak,Todak,Todak,Other Fish,Swordfish,Tropis,Beku,Frozen,Todak (Xiphias gladius) beku/Swordfih (Xiphias gladius) frozen
030359,K,N,Perikanan Tangkap,Bawal,Bawal,Bawal,Other Fish,Pomfrets,Tropis,Beku,Frozen,"Bawal putih (Pampus spp.), beku"
030445,K,O,Perikanan Tangkap,Todak,Todak,Todak,Other Fish,Swordfish,Tropis,Fillet,Fillets,Fillet todak (Xiphias gladius) segar atau dingin/Swordfish fillets (Xiphias gladius) fresh or chilled
030454,K,O,Perikanan Tangkap,Todak,Todak,Todak,Other Fish,Swordfish,Tropis,Daging Lainnya,Other Meat,Daging Todak (Xiphias gladius) segar atau dingin/Swordfish meat (Xiphias gladius) fresh or chilled
030484,K,O,Perikanan Tangkap,Todak,Todak,Todak,Other Fish,Swordfish,Tropis,Fillet,Fillets,Fillet todak (Xiphias gladius) beku/Swordfish fillets (Xiphias gladius) frozen
030491,K,O,Perikanan Tangkap,Todak,Todak,Todak,Other Fish,Swordfish,Tropis,Daging Lainnya,Other Meat,Daging todak (Xiphias gladius) beku/Swordfish meat (Xiphias gladius) frozen
030212,NA,NA,NA,NA,NA,NA,Other Fish,Salmon,NA,NA,Fresh Or Chilled,"Fresh or chilled Pacific salmon Oncorhynchus nerka, Oncorhynchus gorbuscha, Oncorhynchus keta, ..."
030240,NA,NA,NA,NA,NA,NA,Other Fish,Herring,NA,NA,Fresh Or Chilled,"Fresh or chilled herrings (Clupea harengus, clupea pallasii)"
030250,NA,NA,NA,NA,NA,NA,Other Fish,Cod,NA,NA,Fresh Or Chilled,"Fresh or chilled cod (gadus morhua, gadus ogac, gadus macrocephalus)"
030262,NA,NA,NA,NA,NA,NA,Other Fish,Haddock,NA,NA,Fresh Or Chilled,Fresh or chilled haddock (Melanogrammus aeglefinus)
030263,NA,NA,NA,NA,NA,NA,Other Fish,Coalfish,NA,NA,Fresh Or Chilled,Fresh or chilled coalfish (Pollachius virens)
030265,NA,NA,NA,NA,NA,NA,Other Fish,Dogfish And Other Sharks,NA,NA,Fresh Or Chilled,Fresh or chilled dogfish and other sharks
030267,NA,NA,NA,NA,NA,NA,Other Fish,Swordfish,NA,NA,Fresh Or Chilled,Fresh or chilled swordfish (Xiphias gladius)
030268,NA,NA,NA,NA,NA,NA,Other Fish,Tootfish,NA,NA,Fresh Or Chilled,Fresh or chilled toothfish (Dissostichus spp.)
030269,NA,NA,NA,NA,NA,NA,Other Fish,Salmon,NA,NA,Fresh Or Chilled,"Fresh or chilled freshwater and saltwater fish (excluding salmonidae, flat fish, tunas, skipjack ..."
030270,NA,NA,NA,NA,NA,NA,Other Fish,Livers And Roes Of Fish,NA,NA,Fresh Or Chilled,Fresh or chilled fish livers and roes
030290,NA,NA,NA,NA,NA,NA,Other Fish,Livers And Roes Of Fish,NA,NA,Fresh Or Chilled,Fresh or chilled fish livers and roes
030310,NA,NA,NA,NA,NA,NA,Other Fish,Salmon,NA,NA,Frozen,"Frozen Pacific salmon ""Oncorhynchus nerka, Oncorhynchus gorbuscha, Oncorhynchus keta, Oncorhynchus ..."
030321,NA,NA,NA,NA,NA,NA,Other Fish,Trout,NA,NA,Frozen,"Frozen trout (Salmo trutta, Oncorhynchus mykiss, Oncorhynchus clarki, Oncorhynchus aguabonita, ..."
030322,NA,NA,NA,NA,NA,NA,Other Fish,Salmon,NA,NA,Frozen,Frozen Atlantic salmon (Salmo salar) and Danube salmon (Hucho hucho)
030350,NA,NA,NA,NA,NA,NA,Other Fish,Herring,NA,NA,Frozen,"Frozen herrings ""Clupea harengus, Clupea pallasii"""
030352,NA,NA,NA,NA,NA,NA,Other Fish,Cod,NA,NA,Fresh Or Chilled,"Cod (Gadus morhua, Gadus ogac, Gadus macrocephalus)"
030360,NA,NA,NA,NA,NA,NA,Other Fish,Cod,NA,NA,Frozen,"Frozen cod ""Gadus morhua, Gadus ogac and Gadus macrocephalus"""
030361,NA,NA,NA,NA,NA,NA,Other Fish,Swordfish,NA,NA,Frozen,Frozen swordfish (Xiphias gladius)
030362,NA,NA,NA,NA,NA,NA,Other Fish,Tootfish,NA,NA,Frozen,Frozen toothfish (Dissostichus spp.)
030372,NA,NA,NA,NA,NA,NA,Other Fish,Haddock,NA,NA,Frozen,Frozen haddock (Melanogrammus aeglefinus)
030373,NA,NA,NA,NA,NA,NA,Other Fish,Coalfish,NA,NA,Frozen,Frozen coalfish (Pollachius virens)
030375,NA,NA,NA,NA,NA,NA,Other Fish,Dogfish And Other Sharks,NA,NA,Frozen,Frozen dogfish and other sharks
030377,NA,NA,NA,NA,NA,NA,Other Fish,Seabass,NA,NA,Frozen,"Frozen sea bass (Dicentrarchus labrax, Dicentrarchus punctatus)"
030378,NA,NA,NA,NA,NA,NA,Other Fish,Hake,NA,NA,Frozen,"Frozen hake (Merluccius spp., Urophycis spp.)"
030379,NA,NA,NA,NA,NA,NA,Other Fish,Other Fish,NA,NA,Frozen,"Frozen freshwater and saltwater fish (excluding salmonidae, flat fish, tunas, skipjack or stripe-bellied ..."
030380,NA,NA,NA,NA,NA,NA,Other Fish,Livers And Roes Of Fish,NA,NA,Frozen,Frozen fish livers and roes
030410,NA,NA,NA,NA,NA,NA,Other Fish,Other Fish,NA,NA,Fresh Or Chilled,"Fresh or chilled fillets and other fish meat, whether or not minced"
030411,NA,NA,NA,NA,NA,NA,Other Fish,Swordfish,NA,NA,Fresh Or Chilled,"Fresh or chilled fillets and other meat whether or not minced"" of swordfish ""Xiphias gladius"""
030412,NA,NA,NA,NA,NA,NA,Other Fish,Tootfish,NA,NA,Fresh Or Chilled,"Fresh or chilled fillets and other meat whether or not minced"" of toothfish ""Dissostichus ..."
030419,NA,NA,NA,NA,NA,NA,Other Fish,Swordfish,NA,NA,Fresh Or Chilled,"Fresh or chilled fillets and other fish meat whether or not minced"" (excluding swordfish and ..."
030420,NA,NA,NA,NA,NA,NA,Other Fish,Other Fish,NA,NA,Frozen,Frozen fish fillets
030421,NA,NA,NA,NA,NA,NA,Other Fish,Swordfish,NA,NA,Frozen,Frozen fillets of swordfish (Xiphias gladius)
030422,NA,NA,NA,NA,NA,NA,Other Fish,Tootfish,NA,NA,Frozen,Frozen fillets of toothfish (Dissostichus spp.)
030429,NA,NA,NA,NA,NA,NA,Other Fish,Other Fish,NA,NA,Frozen,Frozen fish fillets (excluding swordfish and toothfish)
030490,NA,NA,NA,NA,NA,NA,Other Fish,Other Fish,NA,NA,Frozen,"Frozen fish meat, whether or not minced (excluding fillets)"
030530,NA,NA,NA,NA,NA,NA,Other Fish,Other Fish,NA,NA,Dried,"Fish fillets, dried, salted or in brine, not smoked"
030710,NA,NA,NA,NA,NA,NA,Other Fish,Oysters,NA,NA,Live,"Oysters, live, fresh, chilled, frozen, dried, salted or in brine"
030789,NA,NA,NA,NA,NA,NA,Other Fish,Abalone,NA,NA,"Salted Or In Brine, Dried, Smoked","Smoked, frozen, dried, salted or in brine, abalone ""Haliotis spp."", even in shell"
160430,NA,NA,NA,NA,NA,NA,Other Fish,Livers And Roes Of Fish,NA,NA,Caviar,Caviar and caviar substitutes prepared from fish eggs
160590,NA,NA,NA,NA,NA,NA,Other Fish,Other Prepared Fish,NA,NA,Prepared Or Preserved,"Molluscs and aquatic invertebrates, prepared or preserved"
030111,N,N,Perikanan Budidaya,Ikan Hias,Ikan Hias,Ikan Hias,Other Fish,Ornamental Fish,Tropis,Ikan Hias Air Tawar,Freshwater Ornamental Fish,Benih ikan Botia (Chromobotia macracanthus)
030119,N,N,Perikanan Budidaya,Ikan Hias,Ikan Hias,Ikan Hias,Other Fish,Ornamental Fish,Tropis,Ikan Hias Air Laut,Marine Ornamental Fish,"Benih ikan hias lainnya, selain air tawar"
121229,N,N,Perikanan Budidaya,Rumput Laut,Rumput Laut,Rumput Laut,Seaweeds,Seaweeds,Tropis,Tidak Layak Untuk Konsumsi Manusia,Unfit For Human Consumption,"Rumput laut dan alga lainnya, segar, didinginkan atau dikeringkan, dari jenis yang digunakan dalam farmasi/Seaweeds and other algae, fresh, chilled/dried of a kind used in pharmacy"
710110,N,O,Perikanan Tangkap,Mutiara,Mutiara,Mutiara,Pearls,Pearls,Tropis,Alam,Natural,Mutiara alam/Natural pearls
710121,N,O,Perikanan Budidaya,Mutiara,Mutiara,Mutiara,Pearls,Pearls,Tropis,Budidaya Air Tawar,Cultured In Freshwater,"Mutiara budidaya, tidak dikerjakan/Cultured pearls, unworked"
710122,N,O,Perikanan Budidaya,Mutiara,Mutiara,Mutiara,Pearls,Pearls,Tropis,Budidaya Air Tawar,Cultured In Freshwater,"Mutiara budidaya, dikerjakan/Cultured pearls, worked"
711610,N,O,Perikanan Budidaya,Mutiara,Mutiara,Mutiara,Pearls,Pearls,Tropis,Lainnya,Others,Barang dari mutiara alam atau budidaya/Articles of natural/cultured pearls
030110,NA,NA,NA,NA,NA,NA,Other Fish,Ornamental Fish,NA,NA,Live,Live ornamental fish
030261,NA,NA,NA,NA,NA,NA,Other Fish,Sardines,NA,NA,Fresh Or Chilled,"Fresh or chilled sardines (Sardina pilchardus, Sardinops spp.), sardinella (Sardinella spp.), ..."
030264,NA,NA,NA,NA,NA,NA,Other Fish,Mackerel,NA,NA,Fresh Or Chilled,"Fresh or chilled mackerel (Scomber scombrus, Scomber australasicus, Scomber japonicus)"
030266,NA,NA,NA,NA,NA,NA,Other Fish,Eels,NA,NA,Fresh Or Chilled,Fresh or chilled eels (Anguilla spp.)
030371,NA,NA,NA,NA,NA,NA,Other Fish,Sardines,NA,NA,Frozen,"Frozen sardines Sardina pilchardus, Sardinops spp."", sardinella ""Sardinella spp."" and brisling ..."
030374,NA,NA,NA,NA,NA,NA,Other Fish,Mackerel,NA,NA,Frozen,"Frozen mackerel (Scomber scombrus, Scomber australasicus, Scomber japonicus)"
030376,NA,NA,NA,NA,NA,NA,Other Fish,Eels,NA,NA,Frozen,Frozen eels (Anguilla spp.)
030613,NA,NA,NA,NA,NA,NA,Shrimp,Shrimps,NA,NA,Frozen,"Frozen shrimps and prawns, whether in shell or not, incl. shrimps and prawns in shell, cooked ..."
030621,NA,NA,NA,NA,NA,NA,Other Fish,Lobsters,NA,NA,Smoked,"Rock lobster and other sea crawfish ""Palinurus spp., Panulirus spp. and Jasus spp."", even smoked, ..."
030622,NA,NA,NA,NA,NA,NA,Other Fish,Lobsters,NA,NA,Smoked,"Lobsters ""Homarus spp."", even smoked, whether in shell or not, live, fresh, chilled, dried, ..."
030623,NA,NA,NA,NA,NA,NA,Shrimp,Shrimps,NA,NA,Prepared Or Preserved,"Shrimps and prawns, whether in shell or not, live, dried, salted or in brine, incl. shrimps ..."
030625,NA,NA,NA,NA,NA,NA,Other Fish,Lobsters,NA,NA,Smoked,"Norway lobsters ""Nephrops norvegicus"", even smoked, whether in shell or not, live, fresh, chilled, ..."
030629,NA,NA,NA,NA,NA,NA,Shrimp,Shrimps,NA,NA,Smoked,"Crustaceans, even smoked, fit for human consumption, whether in shell or not, live, fresh, ..."
030741,NA,NA,NA,NA,NA,NA,Mollusk,"Cuttle Fish, Squid, Octopus",NA,NA,Fresh Or Chilled,"Live, fresh or chilled, not smoked, cuttle fish ""Sepia officinalis, Rossia macrosoma, Sepiola ..."
160520,NA,NA,NA,NA,NA,NA,Shrimp,Shrimps,NA,NA,Prepared Or Preserved,"Shrimps and prawns, prepared or preserved"
030614,K,N,Perikanan Tangkap,Rajungan-Kepiting,Rajungan-Kepiting,Rajungan-Kepiting,Crabs,Crabs Or Swimming Crabs,Tropis,Beku,Frozen,"Kepiting cangkang lunak beku/Soft shell crabs, frozen"
030192,K,N,Perikanan Budidaya,Sidat,Sidat,Sidat,Other Fish,Eels,Tropis,Hidup,Live,Sidat (Anguilla spp.) hidup/Live eels (Anguilla spp.)
030194,K,N,Perikanan Tangkap,Tuna-Tongkol-Cakalang,Tuna-Tongkol-Cakalang,Tuna-Tongkol-Cakalang,Tuna & Tuna Like Species,"Tunas, Tonggol, Skipjack",Tropis,Hidup,Live,"Tuna sirip biru Atlantik (Thunnus thynnus) dan Fasifik (Thunnus orientalis), hidup"
030195,K,N,Perikanan Tangkap,Tuna-Tongkol-Cakalang,Tuna-Tongkol-Cakalang,Tuna-Tongkol-Cakalang,Tuna & Tuna Like Species,"Tunas, Tonggol, Skipjack",Tropis,Hidup,Live,"Tuna sirip biru selatan (Thunnus maccoyii), hidup/Southern bluefin tunas (Thunnus maccoyii), live"
030231,K,N,Perikanan Tangkap,Tuna-Tongkol-Cakalang,Tuna-Tongkol-Cakalang,Tuna-Tongkol-Cakalang,Tuna & Tuna Like Species,"Tunas, Tonggol, Skipjack",Tropis,Segar Atau Dingin,Fresh Or Chilled,"Albacore atau tuna sirip panjang (Thunnus alalunga) segar atau dingin/Albacore or longfinned tunas (Thunnus alalunga), fresh or chilled"
030232,K,N,Perikanan Tangkap,Tuna-Tongkol-Cakalang,Tuna-Tongkol-Cakalang,Tuna-Tongkol-Cakalang,Tuna & Tuna Like Species,"Tunas, Tonggol, Skipjack",Tropis,Segar Atau Dingin,Fresh Or Chilled,"Tuna sirip kuning (Thunnus albacares), segar atau dingin/Yellowfin tunas (Thunnus albacares), fresh or chilled"
030233,K,N,Perikanan Tangkap,Tuna-Tongkol-Cakalang,Tuna-Tongkol-Cakalang,Tuna-Tongkol-Cakalang,Tuna & Tuna Like Species,"Tunas, Tonggol, Skipjack",Tropis,Segar Atau Dingin,Fresh Or Chilled,"Cakalang atau stripe-bellied bonito (Euthynnus (Katsuwonus) pelamis), segar atau dingin/Skipjack or stripe-bellied bonito (Euthynnus (Katsuwonus) pelamis), fresh or chilled"
030234,K,N,Perikanan Tangkap,Tuna-Tongkol-Cakalang,Tuna-Tongkol-Cakalang,Tuna-Tongkol-Cakalang,Tuna & Tuna Like Species,"Tunas, Tonggol, Skipjack",Tropis,Segar Atau Dingin,Fresh Or Chilled,"Tuna mata besar (Thunnus obesus) segar atau dingin/Bigeye tunas (Thunnus obesus), fresh or chilled"
030235,K,N,Perikanan Tangkap,Tuna-Tongkol-Cakalang,Tuna-Tongkol-Cakalang,Tuna-Tongkol-Cakalang,Tuna & Tuna Like Species,"Tunas, Tonggol, Skipjack",Tropis,Segar Atau Dingin,Fresh Or Chilled,"Tuna sirip biru Atlantik dan Pasifik (Thunnus thynnus, Thunnus orientalis), segar atau dingin"
030236,K,N,Perikanan Tangkap,Tuna-Tongkol-Cakalang,Tuna-Tongkol-Cakalang,Tuna-Tongkol-Cakalang,Tuna & Tuna Like Species,"Tunas, Tonggol, Skipjack",Tropis,Segar Atau Dingin,Fresh Or Chilled,"Tuna sirip biru selatan (Thunnus maccoyii), segar atau dingin/Southern bluefin tunas(Thunnus maccoyii), fresh or chilled"
030239,K,N,Perikanan Tangkap,Tuna-Tongkol-Cakalang,Tuna-Tongkol-Cakalang,Tuna-Tongkol-Cakalang,Tuna & Tuna Like Species,"Tunas, Tonggol, Skipjack",Tropis,Segar Atau Dingin,Fresh Or Chilled,"Tuna lainnya, segar atau dingin/Other tunas, fresh or chilled"
030243,K,N,Perikanan Tangkap,Sarden,Sarden,Sarden,Other Fish,Sardines,Tropis,Segar Atau Dingin,Fresh Or Chilled,"Sarden (Sardina pilchardus, Sardinops spp.), sardinella (Sardinella spp.), brisling atau sprats (Sprattus sprattus) segar atau dingin/Sardines (Sardina pilchardus, Sardinops spp.), sardinella (Sardinella spp.), brisling or sprats (Sprattus sprattus) fresh or chilled"
030244,K,N,Perikanan Tangkap,Makarel,Makarel,Makarel,Other Fish,Mackerel,Sub Tropis,Segar Atau Dingin,Fresh Or Chilled,"Makarel (Scomber scombrus, Scomber australasicus, Scomber japonicus) segar atau dingin/Mackerel (Scomber scombrus, Scomber australasicus, Scomber japonicus), fresh or chilled"
030245,K,N,Perikanan Tangkap,Makarel,Makarel,Makarel,Other Fish,Mackerel,Sub Tropis,Segar Atau Dingin,Fresh Or Chilled,"Makarel jack dan makarel kuda (Trachurus spp.) segar atau dingin/Jack and horse mackerel (Trachurus spp.), fresh or chilled"
030271,K,N,Perikanan Budidaya,Tilapia,Tilapia,Tilapia,Tilapias,Tilapias,Tropis,Segar Atau Dingin,Fresh Or Chilled,"Tilapia (Oreochromis niloticus) segar atau dingin/Tilapias (Oreocromis niloticusd), fresh or chilled"
030274,K,N,Perikanan Budidaya,Sidat,Sidat,Sidat,Other Fish,Eels,Tropis,Segar Atau Dingin,Fresh Or Chilled,Sidat (Anguilla spp.) segar atau dingin/Eels (Anguilla spp.) fresh or chilled
030323,K,N,Perikanan Budidaya,Tilapia,Tilapia,Tilapia,Tilapias,Tilapias,Tropis,Beku,Frozen,"Tilapia (Oreochromis niloticus) beku/Tilapias (Oreochromis niloticus), frozen"
030326,K,N,Perikanan Budidaya,Sidat,Sidat,Sidat,Other Fish,Eels,Tropis,Beku,Frozen,Sidat (Anguilla spp.) beku/Eels (Anguilla spp.) frozen
030341,K,N,Perikanan Tangkap,Tuna-Tongkol-Cakalang,Tuna-Tongkol-Cakalang,Tuna-Tongkol-Cakalang,Tuna & Tuna Like Species,"Tunas, Tonggol, Skipjack",Tropis,Beku,Frozen,"Albacore atau tuna sirip panjang (Thunnus alalunga) beku/Albacore or longfinned tunas ((Thunnus alalunga), frozen"
030342,K,N,Perikanan Tangkap,Tuna-Tongkol-Cakalang,Tuna-Tongkol-Cakalang,Tuna-Tongkol-Cakalang,Tuna & Tuna Like Species,"Tunas, Tonggol, Skipjack",Tropis,Beku,Frozen,"Tuna sirip kuning (Thunnus albacares), beku/Yellowfin tunas (Thunnus albacares), frozen"
030343,K,N,Perikanan Tangkap,Tuna-Tongkol-Cakalang,Tuna-Tongkol-Cakalang,Tuna-Tongkol-Cakalang,Tuna & Tuna Like Species,"Tunas, Tonggol, Skipjack",Tropis,Beku,Frozen,"Cakalang atau stripe-bellied bonito (Euthynnus (Katsuwonus) pelamis), beku/Skipjack or stripe-bellied bonito (Euthynnus (Katsuwonus) pelamis), frozen"
030344,K,N,Perikanan Tangkap,Tuna-Tongkol-Cakalang,Tuna-Tongkol-Cakalang,Tuna-Tongkol-Cakalang,Tuna & Tuna Like Species,"Tunas, Tonggol, Skipjack",Tropis,Beku,Frozen,"Tuna mata besar (Thunnus obesus) beku/Bigeye tunas (Thunnus obesus), frozen"
030345,K,N,Perikanan Tangkap,Tuna-Tongkol-Cakalang,Tuna-Tongkol-Cakalang,Tuna-Tongkol-Cakalang,Tuna & Tuna Like Species,"Tunas, Tonggol, Skipjack",Tropis,Beku,Frozen,"Tuna sirip biru Atlantik (Thunnus thynnus), beku/Atlantic bluefin tunas (Thunnus thynnus), frozen"
030346,K,N,Perikanan Tangkap,Tuna-Tongkol-Cakalang,Tuna-Tongkol-Cakalang,Tuna-Tongkol-Cakalang,Tuna & Tuna Like Species,"Tunas, Tonggol, Skipjack",Tropis,Beku,Frozen,"Tuna sirip biru selatan (Thunnus maccoyii), beku/Southern bluefin tunas(Thunnus maccoyii), frozen"
030349,K,N,Perikanan Tangkap,Tuna-Tongkol-Cakalang,Tuna-Tongkol-Cakalang,Tuna-Tongkol-Cakalang,Tuna & Tuna Like Species,"Tunas, Tonggol, Skipjack",Tropis,Beku,Frozen,"Tuna lainnya, beku/Other tunas, frozen"
030353,K,N,Perikanan Tangkap,Sarden,Sarden,Sarden,Other Fish,Sardines,Tropis,Beku,Frozen,"Sarden (Sardina pilchardus, Sardinops spp.), sardinella (Sardinella spp.), brisling atau sprats (Sprattus sprattus), beku/Sardines (Sardina pilchardus, Sardinops spp.), sardinella (Sardinella spp.), brisling or sprats (Sprattus sprattus), frozen"
030354,K,N,Perikanan Tangkap,Makarel,Makarel,Makarel,Other Fish,Mackerel,Sub Tropis,Beku,Frozen,"Makarel (Scomber scombrus, Scomber australasicus) beku/Mackerel (Scomber scombrus, Scomber australasicus) frozen"
030355,K,N,Perikanan Tangkap,Makarel,Makarel,Makarel,Other Fish,Mackerel,Sub Tropis,Beku,Frozen,Makarel jack dan makarel kuda (Trachurus spp.) beku/Jack and horse mackarel (Trachurus spp.) frozen
030431,K,O,Perikanan Budidaya,Tilapia,Tilapia,Tilapia,Tilapias,Tilapias,Tropis,Fillet,Fillets,"Fillet tilapia (Oreochromis spp.) segar atau dingin/Tilapias fillets (Oreochromis spp.), fresh or chilled"
030461,K,O,Perikanan Budidaya,Tilapia,Tilapia,Tilapia,Tilapias,Tilapias,Tropis,Fillet,Fillets,"Fillet Tilapia (Oreochromis spp.) beku/Tilapias fillets (Oreochromis spp.), frozen"
030487,K,O,Perikanan Tangkap,Tuna-Tongkol-Cakalang,Tuna-Tongkol-Cakalang,Tuna-Tongkol-Cakalang,Tuna & Tuna Like Species,"Tunas, Tonggol, Skipjack",Tropis,Fillet,Fillets,Filet tuna beku (of the genus Thunnus) dan cakalang atau stripe-bellied bonito (Euthynnus (Katsuwonus) pelamis)/Frozen fillets of tunas (of the genus Thunnus) dan skipjack or stripe-bellied bonito (Euthynnus (Katsuwonus) pelamis)
030499,K,O,Perikanan Tangkap,Tuna-Tongkol-Cakalang,Tuna-Tongkol-Cakalang,Tuna-Tongkol-Cakalang,Tuna & Tuna Like Species,"Tunas, Tonggol, Skipjack",Tropis,Daging Lainnya,Other Meat,"NA"
030569,K,O,Perikanan Tangkap,Makarel,Makarel,Makarel,Other Fish,Mackerel,Sub Tropis,Diasinkan,Salted,"Makarel (Scomber scombrus, Scomber australasicus, Scomber japonicus), diasinkan tetapi tidak dikeringkan atau tidak diasapi dan ikan dalam air garam, selain bagian ikan lainnya yang dapat dimakan/Mackerel (Scomber scombrus, Scomber australasicus, Scomber japonicus), salted but not dried or smoked and fish in brine, other than edible fish offal"
030579,K,O,Perikanan Tangkap,Tuna-Tongkol-Cakalang,Tuna-Tongkol-Cakalang,Tuna-Tongkol-Cakalang,Tuna & Tuna Like Species,"Tunas, Tonggol, Skipjack",Tropis,Daging Lainnya,Other Meat,"NA"
030611,K,O,Perikanan Tangkap,Lobster,Lobster,Lobster,Other Fish,Lobsters,Tropis,Beku,Frozen,"Lobster karang dan udang laut besar lainnya (Palinurus spp., Panulirus spp., Jasus spp.) diasapi, beku/Rock lobsters and other sea crawfish (Palinurus spp., Panulirus spp., Jasus spp.), smoked"
030612,K,O,Perikanan Tangkap,Lobster,Lobster,Lobster,Other Fish,Lobsters,Tropis,Beku,Frozen,"Lobster (Homarus spp.) diasapi, beku/Lobster (Homarus spp.) smoked"
030615,K,O,Perikanan Tangkap,Lobster,Lobster,Lobster,Other Fish,Lobsters,Sub Tropis,Beku,Frozen,Lobster Norwegia (Nephrops norvegicus) beku/Lobster Norwegia (Nephrops norvegicus) frozen
030616,K,O,Perikanan Tangkap,Udang,Udang,Udang,Shrimp,Shrimps,Sub Tropis,Beku,Frozen,"Udang dan udang besar air dingin (Pandalus spp, Crangon crangon), beku/Cold-water shrimps and prawns (Pandalus spp., Crangon crangon), frozen"
030617,K,O,Perikanan Budidaya,Udang,Udang,Udang,Shrimp,Shrimps,Tropis,Beku,Frozen,"NA"
030619,K,O,Perikanan Tangkap,Udang,Udang,Udang,Shrimp,Shrimps,Tropis,Beku,Frozen,"Krustacea lainnya, termasuk tepung, tepung kasar dan pelet, yang layak untuk dikonsumsi manusia, beku/Other crustacea,including flours, meals and pellets, fit for human consumption, frozzen"
030631,K,N,Perikanan Tangkap,Lobster,Lobster,Lobster,Other Fish,Lobsters,Tropis,Hidup,Live,"Bibit lobster karang dan udang laut besar lainnya (Palinurus spp., Panulirus spp., Jasus spp.)/Rock lobsters and other sea crawfish, (Palinurus spp., Panulirus spp., Jasus spp), breeder"
030632,K,N,Perikanan Tangkap,Lobster,Lobster,Lobster,Other Fish,Lobsters,Tropis,Hidup,Live,"Bibit lobsters (Homarus spp.)/Lobsters (homarus spp), breeder"
030633,K,N,Perikanan Budidaya,Rajungan-Kepiting,Rajungan-Kepiting,Rajungan-Kepiting,Crabs,Crabs Or Swimming Crabs,Tropis,Hidup-Segar-Dingin,Live-Fresh-Chiled,"Kepiting, hidup, segar atau dingin"
030624,K,N,Perikanan Tangkap,Rajungan-Kepiting,Rajungan-Kepiting,Rajungan-Kepiting,Crabs,Crabs Or Swimming Crabs,Tropis,Segar Atau Dingin,Fresh Or Chilled,"NA"
030634,K,N,Perikanan Tangkap,Lobster,Lobster,Lobster,Other Fish,Lobsters,Tropis,Hidup-Segar-Dingin,Live-Fresh-Chiled,"Lobster Norwegia (Nephrops norvegicus), hidup, segar atau dingin"
030635,K,N,Perikanan Tangkap,Udang,Udang,Udang,Shrimp,Shrimps,Tropis,Hidup,Live,"Bibit udang dan udang besar air dingin (Pandalus spp, Crangon crangon)/Cold-water shrimps and prawns (Pandalus spp, Crangon crangon), breeder"
030626,K,O,Perikanan Tangkap,Udang,Udang,Udang,Shrimp,Shrimps,Tropis,Dikeringkan Atau Tidak Beku Lainnya,Dried,"NA"
030636,K,N,Perikanan Budidaya,Udang,Udang,Udang,Shrimp,Shrimps,Tropis,Hidup,Live,"Bibit udang windu (Penaeus monodon)/Giant tiger prawns (Penaeus monodon), breeder"
030639,K,N,Perikanan Tangkap,Udang,Udang,Udang,Shrimp,Shrimps,Tropis,Hidup,Live,"Krustacea lainnya, layak untuk dikonsumsi manusia, hidup/Other crustaceans, fit for human consumption, live"
030691,K,O,Perikanan Tangkap,Lobster,Lobster,Lobster,Other Fish,Lobsters,Tropis,Dalam Kemasan Kedap Udara,Smoked,"Lobster karang dan udang laut besar lainnya (Palinurus spp., Panulirus spp., Jasus spp.) dalam kemasan kedap udara untuk penjualan eceran, diasapi"
030692,K,O,Perikanan Tangkap,Lobster,Lobster,Lobster,Other Fish,Lobsters,Tropis,Dalam Kemasan Kedap Udara,Smoked,"Lobsters (Homarus spp.), dalam kemasan kedap udara untuk penjualan eceran, diasapi"
030693,K,O,Perikanan Tangkap,Rajungan-Kepiting,Rajungan-Kepiting,Rajungan-Kepiting,Crabs,Crabs Or Swimming Crabs,Tropis,Dalam Kemasan Kedap Udara,Smoked,"Kepiting dalam kemasan kedap udara untuk penjualan eceran, diasapi"
030694,K,O,Perikanan Tangkap,Lobster,Lobster,Lobster,Other Fish,Lobsters,Tropis,Dalam Kemasan Kedap Udara,Smoked,"Lobster Norwegia (Nephrops norvegicus) dalam kemasan kedap udara untuk penjualan eceran, diasapi"
030695,K,O,Perikanan Tangkap,Udang,Udang,Udang,Shrimp,Shrimps,Tropis,Dalam Kemasan Kedap Udara,Others,"Udang dan udang besar, dalam kemasan kedap udara untuk penjualan eceran, berkulit, dikukus atau direbus"
030627,K,O,Perikanan Tangkap,Udang,Udang,Udang,Shrimp,Shrimps,Tropis,Lainnya,Others,"NA"
030699,K,O,Perikanan Tangkap,Udang,Udang,Udang,Shrimp,Shrimps,Tropis,Dalam Kemasan Kedap Udara,Others,"Krustacea lainnya, layak untuk dikonsumsi manusia, dalam kemasan kedap udara untuk penjualan eceran, diasapi"
030742,K,N,Perikanan Tangkap,Cumi-Sotong-Gurita,Cumi-Sotong-Gurita,Cumi-Sotong-Gurita,Mollusk,"Cuttle Fish, Squid, Octopus",Tropis,Hidup,Live,"Cumi- cumi (Sepia officinalis, Rossia macrosoma, Sepiola spp.) dan sotong (Ommastrephes spp., Loligo spp.,Nototodarus spp., Sepioteuthis spp.) hidup/Cuttle fish (Sepia officinalis, Rossia macrosoma, Sepiola spp.) and squid (Ommastrephes spp., Loligo spp.,Nototodarus spp., Sepioteuthis spp.) live"
030743,K,N,Perikanan Tangkap,Cumi-Sotong-Gurita,Cumi-Sotong-Gurita,Cumi-Sotong-Gurita,Mollusk,"Cuttle Fish, Squid, Octopus",Tropis,Beku,Frozen,"Cumi- cumi (Sepia officinalis, Rossia macrosoma, Sepiola spp.) dan sotong (Ommastrephes spp., Loligo spp.,Nototodarus spp., Sepioteuthis spp.) beku/Cuttle fish (Sepia officinalis, Rossia macrosoma, Sepiola spp.) and squid (Ommastrephes spp., Loligo spp.,Nototodarus spp., Sepioteuthis spp.) frozen"
030749,K,O,Perikanan Tangkap,Cumi-Sotong-Gurita,Cumi-Sotong-Gurita,Cumi-Sotong-Gurita,Mollusk,"Cuttle Fish, Squid, Octopus",Tropis,Dikeringkan,Dried,"Cumi- cumi (Sepia officinalis, Rossia macrosoma, Sepiola spp.) dan sotong (Ommastrephes spp., Loligo spp.,Nototodarus spp., Sepioteuthis spp.) dikeringkan, diasinkan atau dalam air garam/Cuttle fish (Sepia officinalis, Rossia macrosoma, Sepiola spp.) and squid (Ommastrephes spp., Loligo spp.,Nototodarus spp., Sepioteuthis spp.) dried, salted or in brine"
030751,K,N,Perikanan Tangkap,Cumi-Sotong-Gurita,Cumi-Sotong-Gurita,Cumi-Sotong-Gurita,Mollusk,"Cuttle Fish, Squid, Octopus",Tropis,Hidup,Live,Gurita (Octopus spp.) hidup/Octopus (Octopus spp.) live
030752,K,N,Perikanan Tangkap,Cumi-Sotong-Gurita,Cumi-Sotong-Gurita,Cumi-Sotong-Gurita,Mollusk,"Cuttle Fish, Squid, Octopus",Tropis,Beku,Frozen,Gurita (Octopus spp.) beku/Octopus (Octopus spp.) frozen
030759,K,O,Perikanan Tangkap,Cumi-Sotong-Gurita,Cumi-Sotong-Gurita,Cumi-Sotong-Gurita,Mollusk,"Cuttle Fish, Squid, Octopus",Tropis,Dikeringkan,Dried,"Gurita (Octopus spp.) dikeringkan, diasinkan atau dalam air garam/Octopus (Octopus spp.) dried, salted or in brine"
121221,K,N,Perikanan Budidaya,Rumput Laut,Rumput Laut,Rumput Laut,Seaweeds,Seaweeds,Tropis,Layak Untuk Konsumsi Manusia,Fit For Human Consumption,"Eucheuma spinosum, dikeringkan tetapi tidak dihancurkan, layak untuk konsumsi manusia"
130231,K,O,Perikanan Budidaya,Rumput Laut,Rumput Laut,Rumput Laut,Seaweeds,Seaweeds,Tropis,Agar-Agar,Agar-Agar,Agar-agar/Agar-agar
130239,K,O,Perikanan Budidaya,Rumput Laut,Rumput Laut,Rumput Laut,Seaweeds,Seaweeds,Tropis,Karagenan,Carageenan,"Karaginan dalam bentuk bubuk, semi-murni"
160413,K,O,Perikanan Tangkap,Sarden,Sarden,Sarden,Other Fish,Sardines,Tropis,Dalam Kemasan Kedap Udara,Prepared Or Preserved,"Sarden (Sardina pilchardus, Sardinops spp.), utuh atau dalam potongan, tetapi tidak dicincang, diolah atau diawetkan, dalam kemasan kedap udara untuk penjualan eceran"
160414,K,O,Perikanan Tangkap,Tuna-Tongkol-Cakalang,Tuna-Tongkol-Cakalang,Tuna-Tongkol-Cakalang,Tuna & Tuna Like Species,"Tunas, Tonggol, Skipjack",Tropis,Dalam Kemasan Kedap Udara,Prepared Or Preserved,"Tuna, utuh atau dalam potongan, tetapi tidak dicincang, diolah atau diawetkan, dalam kemasan kedap udara untuk penjualan eceran"
160415,K,O,Perikanan Tangkap,Makarel,Makarel,Makarel,Other Fish,Mackerel,Sub Tropis,Dalam Kemasan Kedap Udara,Prepared Or Preserved,"Makarel utuh atau dalam potongan, tidak dicincang, diolah atau diawetkan, dalam kemasan kedap udara untuk penjualan eceran"
160417,K,O,Perikanan Budidaya,Sidat,Sidat,Sidat,Other Fish,Eels,Tropis,Dalam Kemasan Kedap Udara,Prepared Or Preserved,"Sidat (Anguilla spp.) diolah atau diawetkan, utuh atau dalam potongan, tidak dicincang, dalam kemasan kedap udara untuk penjualan eceran"
160419,K,O,Perikanan Tangkap,Makarel,Makarel,Makarel,Other Fish,Mackerel,Sub Tropis,Dalam Kemasan Kedap Udara,Prepared Or Preserved,"Makarel kuda utuh atau dalam potongan, tetapi tidak dicincang diolah atau diawetkan, dalam kemasan kedap udara untuk penjualan eceran"
160510,K,O,Perikanan Tangkap,Rajungan-Kepiting,Rajungan-Kepiting,Rajungan-Kepiting,Crabs,Crabs Or Swimming Crabs,Tropis,Dalam Kemasan Kedap Udara,Prepared Or Preserved,Kepiting diolah atau diawetkan dalam kemasan kedap udara/Crabs prepared or preserved in airtight containers
160521,K,O,Perikanan Tangkap,Udang,Udang,Udang,Shrimp,Shrimps,Tropis,Tidak Dalam Kemasan Kedap Udara,Prepared Or Preserved,"Udang dan udang besar, diolah atau diawetkan, tidak dalam kemasan kedap udara/Other shrimps and prawns, prepared or preserved, not in airtight containers"
160530,K,O,Perikanan Tangkap,Lobster,Lobster,Lobster,Other Fish,Lobsters,Tropis,Diolah-Diawetkan,Prepared Or Preserved,"Lobster diolah atau diawetkan/Lobster, prepared or preserved"
160540,K,O,Perikanan Tangkap,Udang,Udang,Udang,Shrimp,Shrimps,Tropis,Diolah-Diawetkan,Prepared Or Preserved,"Krustasea lainnya, diolah atau diawetkan/Other crustaceans, prepared or preserved"
160554,K,O,Perikanan Tangkap,Cumi-Sotong-Gurita,Cumi-Sotong-Gurita,Cumi-Sotong-Gurita,Mollusk,"Cuttle Fish, Squid, Octopus",Tropis,Dalam Kemasan Kedap Udara,Prepared Or Preserved,"Sotong dan cumi-cumi, diolah atau diawetkan, dalam kemasan kedap udara untuk penjualan eceran"
160555,K,O,Perikanan Tangkap,Cumi-Sotong-Gurita,Cumi-Sotong-Gurita,Cumi-Sotong-Gurita,Mollusk,"Cuttle Fish, Squid, Octopus",Tropis,Diolah-Diawetkan,Prepared Or Preserved,Gurita (Octopus spp.) diolah atau diawetkan/Octopus (Octopus spp.) prepared or preserved
190190,K,O,Perikanan Tangkap,Udang,Udang,Udang,Shrimp,Shrimps,Tropis,Diolah-Diawetkan,Prepared Or Preserved,"NA"
All Goods,All Goods,All Goods,All Goods,All Goods,All Goods,All Goods,All Goods,All Goods,All Goods,All Goods,All Goods,All Goods
